smiles,mol_weight,logp,hbd,hba,tpsa,rotatable_bonds,heavy_atoms,drug_like
CCN(C1=CC=CC=C1)S(=O)(=O)C2=CC(=C(C=C2)OCC(F)(F)F)NC(=O)C3=CC(=C(C=C3)Cl)S(=O)(=O)N4CCC5=CC=CC=C54,694.1529999999999,6.500000000000006,1,6,113.08999999999999,10,46,0
CC(C(C(=O)N1CCCC1C(=O)N2CCCC2C(=O)N3CCCC3C(=O)NC(CO)C(=O)NCC(=O)O)NC(=O)C(CCCN=C(N)N)N)O,710.7899999999998,-5.116200000000013,9,11,316.41,16,50,0
CCC(C)(C)C(=O)OC1CC(C=C2C1C(C(C=C2)C)CCC3CC(CC(=O)O3)O)C.C1=CC(=CC=C1C2C(C(=O)N2C3=CC=C(C=C3)F)CCC(C4=CC=C(C=C4)F)O)O,828.0060000000003,9.473899999999999,3,8,133.6,12,60,0
CC1(CC2CC(C1)(CN2CC3CC(OC(O3)C4=CC=C(C=C4)NC(=O)CCCCCCC(=O)NO)C5=CC=C(C=C5)CO)C)C,621.8190000000003,6.409400000000007,4,7,120.36000000000001,13,45,0
C1=CC(=CC=C1C=CC(=O)OCC2C(C(C(C(O2)OC3=C(OC4=CC(=CC(=C4C3=O)O)O)C5=CC=C(C=C5)O)O)O)O)O,594.5250000000005,1.7254000000000018,7,13,216.57999999999996,7,43,0
C1=CC=C(C=C1)CC(C2=CC=CO2)N(CC3=CC=CC=C3)C(=O)CONC=C4C=C(C=CC4=O)Br,533.4220000000003,5.4150000000000045,1,5,71.78,10,35,0
CCCCN1C2=C(C=CC=N2)C(=C(C1=O)NC(=O)NC3=C(C=CC=C3C(C)C)C(C)C)C4=CC=CC(=C4)C#CCN5CCCC5,603.8109999999998,8.201700000000008,2,5,79.25999999999999,9,45,0
CCOC1=C(C=CC(=C1)C=NNC(=O)COC2=C(C=CC(=C2)C)C(C)C)OC(=O)C3=C(C=C(C=C3)Cl)Cl,543.4470000000002,6.572220000000005,1,6,86.22,10,37,0
CC1=CC=CN2C1=NC(=C2C)C(=C3C(N(C(=O)C3=O)C4=NN=C(S4)SCC5=CC=C(C=C5)Cl)C6=CC=CC=C6F)O,606.1040000000004,6.513740000000006,1,9,100.69,6,41,0
CCCCOC1=C(C=C(C=C1)C2C(=C(C3=C(N=C4N3C=CC=C4)C)O)C(=O)C(=O)N2C5=NC(=C(S5)C(=O)OCC=C)C)OCC,630.723,5.954340000000007,1,11,132.56,12,45,0
CNC1(CCCCC1=O)C2=CC=CC=C2Cl.CN(C)CCC=C1C2=CC=CC=C2CCC3=CC=CC=C31.C1CCCN(CCC1)CCN=C(N)N,713.4549999999994,7.592300000000007,3,5,99.98,8,51,0
CC1=CC=C(C=C1)S(=O)(=O)NC(CC2=CC=CC=C2)C(=O)NCC3=CC=CC=C3C4=CC=C(C=C4)C5OC(CC(O5)C6=CC=C(C=C6)CO)CN7CCN(CC7)CC8=CC=CC=C8,865.1089999999996,7.72352000000001,3,8,120.44,16,63,0
CC1=C2C([N+]3=C(C(=NC4=CC=CC=C43)NC5=CC=CC(=C5)C(F)(F)F)N=C2N(N1)C6=CC=CC=N6)C7=CC=CO7,540.5290000000002,6.204500000000004,2,7,82.46,4,40,0
C1=CC=C(C=C1)C(=O)NN2C(=O)C(=CC3=CC(=C(C=C3)OCC4=CC=C(C=C4)Cl)Br)SC2=S,559.8940000000001,6.227700000000004,1,5,58.64,6,33,0
COC1=CC=C(C=C1)C23C(CC4C5C(CC=C4C2C6=C(C7=CC=CC=C7C=C6)O)C(=O)N(C5=O)C8=CC=C(C=C8)C=C)C(=O)N(C3=O)NC9=C(C=C(C=C9)Cl)Cl,784.696,8.693300000000006,2,7,116.25,7,56,0
CC1(C(CCC23C1C(CC4C2(C3)CCC5(C4(CC(C5C6(CCC(O6)C(C)(C)OC7C(C(C(C(O7)CO)O)O)O)C)O)C)C)O)OC8C(C(C(C(O8)CO)O)O)OC9C(C(CO9)(C)O)O)C,931.1230000000006,-0.4224999999999912,11,18,287.13999999999993,10,65,0
C1CC=CCC(C(=O)NC(COC(=O)C(C1)CC2=CC=CC=C2)CCCCNC(=O)OCC3=CC=CC=C3)CC(=O)N4CC5=CC=CC=C5CC4CO,723.9110000000001,6.052300000000008,3,7,134.27,12,53,0
CC1(C2CCC1(C(=NN=C3N(C(=O)C(=CC4=CC=C(O4)C5=CC(=CC=C5)[N+](=O)[O-])S3)C6=CC=C(C=C6)O)C2)C)C,556.6440000000001,7.239500000000007,1,8,121.54,5,40,0
CC1=C(C=CC(=C1)C(=C2C(N(C(=O)C2=O)C3=NC4=C(S3)C=C(C=C4)OC)C5=C(C=CC(=C5)OC)OC)O)OC,546.6010000000002,5.265420000000005,1,9,107.42000000000002,7,39,0
COC1=C(C=C(C=C1)Br)C=NNC(=O)CCCCCCC(=O)NN=CC2=C(C=CC(=C2)Br)OC,596.3200000000004,5.169800000000004,2,6,101.38,13,34,0
C1C(OC(OC1C2=CC=C(C=C2)CO)C3=CC(=CC=C3)NC(=O)C4=C(C(=C(C(=C4F)F)F)F)F)CSC5=NN=NN5C6=CC=C(C=C6)O,685.6309999999999,6.145700000000005,3,10,131.61999999999998,9,48,0
C1C(OC(OC1C2=CC=C(C=C2)CO)C3=CC=CC(=C3)C4=CC=CC(=C4)CNC(=O)CCCC(=O)O)CSC5=NC=NN5,602.7130000000002,5.172800000000004,4,8,146.66,13,43,0
CC1=CC=C(C=C1)NC(=O)C2=C(NC3=C(C2C4=C(C=CC(=C4)OC)OC)C(=O)CC(C3)C5=CC(=C(C=C5)OC)OC)C,568.6700000000003,6.0297200000000055,2,7,95.12,8,42,0
CC(C)C1=CC=CC=C1OC(=O)C2=CC=C(C=C2)NC3=C(C(=O)N(C3=O)C4=C(C(=CC=C4)Cl)Cl)Cl,529.8070000000001,6.771700000000003,1,5,75.71000000000001,6,35,0
CCCCC1=CC=C(C=C1)C(=O)N(CC(=O)N(CC2=CC=CC=C2)CC3=CC=CS3)C4CCCCC4,502.7240000000003,7.094600000000008,0,3,40.620000000000005,11,36,0
CC12C(CC3C4C(CC=C3C1C=CC5=CC(=C(C(=C5)OC)O)OC)C(=O)N(C4=O)C6=CC=CC(=C6)C(=O)O)C(=O)N(C2=O)C7=CC=CC=C7,662.6950000000003,5.088700000000004,2,8,150.75,7,49,0
COC1=C(C=C(C=C1)OC2=CC3=C(C=C2)OC4(C(CC(=NOCC5=CC=C(C=C5)[N+](=O)[O-])C6=CC(C(C3C64)CCCCO)CCCCO)N(CC7=CC=C(C=C7)F)C(=O)OC)OCC=C)C=O,922.0159999999996,9.449700000000004,2,13,188.71999999999997,22,67,0
CCCCOC1=CC=CC(=C1)C2C(=C(C3=C(N4C=CC=C(C4=N3)C)C)O)C(=O)C(=O)N2C5=NC(=C(S5)C(=O)OCC)C,588.6860000000001,5.6979600000000055,1,10,123.33,9,42,0
COC1=C(C=C(C=C1)C2=NN=C(N2C3=CC=CC=C3)SCC(=O)NC4=CC=CC=C4C(F)(F)F)OC,514.5290000000001,5.701100000000004,1,7,78.27000000000001,8,36,0
CC1C(OC(OC1C2=CC=C(C=C2)CO)C3=CC=C(C=C3)C4=CC=CC(=C4)CNC(=O)NC5=CC=C(C=C5)OC6=CC=CC=C6)CN7CC8(CC7CC(C8)(C)C)C,765.9949999999997,10.651899999999992,3,6,92.28999999999999,11,57,0
CC1=C(C=CC2=C1N=C(C=C2C(=O)OCC(=O)C3=CC(=C(C=C3)Cl)[N+](=O)[O-])C4=CC=C(C=C4)N5C(=O)C6CC(C(CC6C5=O)Br)Br)Cl,804.2750000000001,7.891320000000006,0,8,136.78,7,47,0
CCCCOC1=C(C=C(C=C1)C2C(=C(C3=CC=C(C=C3)C)O)C(=O)C(=O)N2C4=NC5=C(S4)C=C(C=C5)Cl)OCC,577.1020000000002,7.462020000000006,1,7,88.96000000000001,9,40,0
C=CCN(CC(=O)N1CCCCC1C2=NC(=NO2)C3=CC=C(C=C3)Br)C(=O)C4=CC=CC5=CC=CC=C54,559.4640000000002,6.034300000000005,0,5,79.54,7,37,0
CC(C)CC(C(=O)NCC(=O)NC(CC1=CC=C(C=C1)O)C(=O)NC(CC(C)C)C(=O)NC(CCC(=O)O)C(=O)O)NC(=O)C(CC2=CC=C(C=C2)O)NC(=O)C(CCCN=C(N)N)N,913.0429999999998,-1.1542999999999957,13,12,380.07999999999987,28,65,0
CCCCCC1(OC2C=C(CC(C2O1)OC(=O)C3=CC=C(C=C3)C=CC4CCC5C(C4)O5)C(=O)NCC6=CC(=CC=C6)C(=O)NC(CCC(=O)OC(C)(C)C)CO)CCCCC,857.0979999999997,8.292700000000009,3,10,162.01999999999998,21,62,0
CCCN(CC1(CCC2C1(CCC3C24C=CC5(C3(CCC(C5)O)C)C=C4C(=O)C6=CC=CO6)C)O)C(=O)NC(C)C7=CC=CC=C7,626.8380000000003,7.23620000000001,3,5,103.00999999999999,8,46,0
C1=CC=C(C=C1)C(=O)NC(=CC2=CC=C(C=C2)Cl)[P+](C3=CC=CC=C3)(C4=CC=CC=C4)C5=CC=CC=C5,519.0040000000001,7.062500000000008,1,1,29.1,7,37,0
CCCCCOC1=CC=C(C=C1)C2C(=C(C3=CC(=CC=C3)OCC)O)C(=O)C(=O)N2C4=NC5=C(C=C(C=C5S4)C)C,570.7110000000002,7.507140000000008,1,7,88.96,10,41,0
COC1=C(C=CC(=C1)C(=O)NN=CC2=CC=C(O2)C3=C(C=CC(=C3)[N+](=O)[O-])Cl)OCC4=CC(=CC=C4)F,523.9040000000002,5.998800000000005,1,7,116.2,9,37,0
C1CCC(CC1)N2C(=O)C(=C3C4=C(C(=CC(=C4)Br)Br)NC3=O)SC2=S,502.25300000000004,5.067800000000003,1,4,49.410000000000004,1,25,0
CC(C)CNC(=O)C1=C(C=CC(=C1)NC(=O)C2=CC(=C(C=C2)Cl)Cl)N3CCN(CC3)C4=CC=CC=C4OC,555.5060000000002,5.966700000000005,2,5,73.91000000000001,8,38,0
CC1C(OC(OC1C2=CC=C(C=C2)CO)C3=CC=CC(=C3)C4=CC=CC(=C4)CNC(=O)C(CC5=CC=CC=C5)NS(=O)(=O)C6=CC=C(C=C6)C)CSC7=CC=CC=C7,813.0540000000002,8.944020000000004,3,7,113.95999999999998,15,58,0
CC1=CC=CC=C1COC2=C(C3=C(C=C2)C(=C(C(=O)O3)CCC(=O)N4CCC5(CCCCC5C4)O)C)C,503.6390000000005,5.383460000000007,1,5,79.98,6,37,0
CC1=CC(=CC=C1)C(=O)OC2=C(C=C(C=C2Br)Br)C=NNC(=O)C3=CC4=C(C=C3)OCCO4,574.225,5.274320000000004,1,6,86.22,5,33,0
C1=CC=C(C=C1)C2=NN=C(N2C3=CC=C(C=C3)Br)SCC(=O)NN=CC4=C(C=CC(=C4)[N+](=O)[O-])Cl,571.8440000000002,5.5008000000000035,1,8,115.31,8,35,0
CC(=C1C=CC=CC1=O)NCCCNC(=C2C=CC=CC2=O)C.CC(=C1C=CC=CC1=O)NCCCNC(=C2C=CC=CC2=O)C.OCl(=O)(=O)=O.OCl(=O)(=O)=O.[Cu].[Cu].[Cu],1012.3460000000006,-3.2676999999999934,6,16,295.21999999999997,12,59,0
CC(C)(C)OC(=O)CCC(CO)NC(=O)C12CC3C4C(C1ON(C2C(=O)O3)CC5=CC(=CC=C5)C=CCC6=CC=CC=C6O)OC(O4)(C7CC7)C8CC8,730.855,4.347300000000004,3,11,153.08999999999997,13,53,0
CC1=CC=C(C=C1)S(=O)(=O)NC(CC2=CC=CC=C2)C(=O)NC3=CC=C(C=C3)C4OC(CC(O4)C5=CC=C(C=C5)CO)CN6CCCC6CN7CCCC7,752.9779999999995,6.121220000000006,3,8,120.44,14,54,0
CC(C(=O)NCC1=CC(=CC=C1)C2=CC=C(C=C2)C3OC(CC(O3)C4=CC=C(C=C4)CO)CN(C)CC5=CC=CC=C5)OC(=O)C,622.7620000000004,6.091100000000007,2,7,97.33000000000001,12,46,0
C1COCCN1CC2CC(OC(O2)C3=CC=CC(=C3)C4=CC=CC(=C4)CNC(=O)CCCCCCC(=O)O)C5=CC=C(C=C5)CO,630.7820000000005,5.764900000000006,3,7,117.56,15,46,0
CN1C=CN=C1SCC2CC(OC(O2)C3=CC=C(C=C3)C4=CC=CC(=C4)CNC(=O)CCCCC(=O)NC5=CC=CC=C5N)C6=CC=C(C=C6)CO,719.9080000000002,7.314600000000007,4,9,140.73,15,52,0
CC(C)C1=C(C(=CC=C1)C(C)C)[N-]C(C)CC(C)[N-]C2=C(C=CC=C2C(C)C)C(C)C.C1CC[CH-]C1.C1CCOC1.[Mg+2],586.2240000000002,12.238589999999983,0,1,37.43000000000001,10,42,0
COC1=C(C=C(C=C1)C2=C(C(C3=CC=CC=C3O2)C4=CC=CC=C4)C=NN5C(=O)C6=CC=CC=C6NC5=O)OC,531.5680000000001,5.1767000000000065,1,7,94.91000000000001,6,40,0
C1=CC=C(C=C1)C(C2=CC=CC=C2)NC(=O)CCCSC3=NC4=CC=CC=C4C(=O)N3C5=CC(=C(C=C5)Cl)Cl,574.5330000000001,7.470600000000005,1,5,63.99,9,39,0
CC(C)(C)OC(=O)N1CC(CC1C(=O)NC2=CC(=CNC2=O)C3=CC=NC=C3)NC(=O)OCC4C5=CC=CC=C5C6=CC=CC=C46,621.6940000000002,5.292100000000004,3,7,142.72,6,46,0
CC1=CC(=C(C=C1C(=O)CSC2=NC3=C(C4=C(S3)CCCC4)C(=O)N2C5=CC=CC=C5)OC)OC,506.64900000000034,5.626620000000005,0,8,70.42,7,35,0
CCOC1=CC=CC=C1NC2=NC3=CC=CC=C3[N+]4=C2NC5=C(C4C6=CC=CS6)C(=NN5C7=CC=CC=N7)C,532.6530000000001,6.309920000000005,2,8,80.77,6,39,0
COC1=CC=C(C=C1)N=C2C(=CC3=CC=CC=C3O2)C(=O)NC4=NC(=CS4)C5=C(C=C(C=C5)Cl)Cl,522.4130000000001,7.356400000000003,1,6,76.72,5,35,0
CC1=C(C(=O)N(N1C)C2=CC=CC=C2)NS(=O)(=O)C3=C(C=CC(=C3)C(=O)NC4=CC=C(C=C4)SC(F)F)Cl,579.0500000000003,5.505620000000004,2,7,102.19999999999999,8,38,0
C1C(C(C(C(O1)OC2=C(C3=C(C=C2)C(=O)C(=CO3)C4=CC=C(C=C4)O)C5C(C(C(C(O5)CO)O)O)O)O)O)O,548.4970000000003,-1.5017000000000003,8,13,219.73999999999998,5,39,0
CCOC1=C(C=CC(=C1)C2C3=CCC4C(C3CC5C2(C(=O)N(C5=O)NC6=C(C=C(C=C6)Cl)Cl)C7=CC=C(C=C7)OC)C(=O)N(C4=O)C8=CC=C(C=C8)I)O,878.5470000000001,7.9004000000000065,2,8,125.48,8,54,0
CC1CN(CCN1C(=O)C2=CC(=CC=C2)Cl)C(=O)CSC3=NN=C(N3C4=CC=C(C=C4)OC)C5=CC=C(C=C5)C,576.1220000000003,5.369920000000006,0,7,80.56000000000002,7,40,0
CCOC(=O)C(CC1=CC=C(C=C1)OCC2=NC3=C(N2C)C=C(C=C3)OCC4(CCC5=C(O4)C(=C(C(=C5C)O)C)C)C)OC6=CC=CC=C6,664.7990000000004,7.49906000000001,1,9,101.27000000000001,12,49,0
CCN1C(=C(C(=C(C1=O)C#N)C)C=C2C(=O)N(C(=S)S2)C3=C(N(N(C3=O)C4=CC=CC=C4)C)C)N5CCN(CC5)C6=CC=CC=C6F,669.8079999999999,4.717620000000005,0,11,99.50999999999999,6,47,0
CC(=O)C1C(C2(C3N1C4=CC=CC=C4C=C3)C5=CC=CC=C5NC2=O)C(=O)C6=CC=C(C=C6)Br,513.3910000000002,5.011300000000004,1,4,66.48,3,34,0
COC1=CC(=C(C=C1)NC2=C(C(=C(S2)C(=O)C3=CC=CC=C3)N)C(=O)NCCC4=CC=CC=C4)OC,501.60800000000023,5.294600000000004,3,7,102.67999999999999,10,36,0
CC1=CC=C(C=C1)NC(=O)CC2=CSC(=N2)NC(=O)CN(C(C)C)C(=O)C3=C(C=C(C=C3)Cl)Cl,519.4540000000003,5.428820000000004,2,5,91.4,8,34,0
C1=CC(=CC=C1C=C2C(=O)N(C(=S)S2)CNC3=C(C=CC(=C3)Cl)Cl)I,521.2320000000001,5.868800000000002,1,4,32.34,4,25,0
C1CN(CCC1N2C3=CC=CC=C3NC2=O)CC4CC(OC(O4)C5=CC=C(C=C5)CNC(=O)CCCCCCC(=O)NC6=CC=CC=C6N)C7=CC=C(C=C7)CO,774.9630000000001,6.882100000000007,5,9,163.94,16,57,0
C1=CC=C(C=C1)N([PH+](F)F)[PH+](F)F.C1=CC=C(C=C1)N([PH+](F)F)[PH+](F)F.C1=CC=C(C=C1)N([PH+](F)F)[PH+](F)F.[Cr],745.2030000000002,12.865699999999988,0,3,9.72,9,40,0
COC1=CC=CC(=C1)C=C2CCCC3=C2N=C4N(C3C5=CC(=CC=C5)OC)C(=CS4)C6=CC=C(C=C6)Br,571.5400000000002,8.446000000000003,0,5,34.06,5,37,0
CCC1=C(C2=CC3=C(C(=C(N3)C=C4C(=C(C(=N4)C=C5C(=C(C(=N5)C=C1N2)CCC(=O)N(CC)CCCCNCCCCNCCCCNCCCCNCC)C)CCC(=O)N(CC)CCCCNCCCCNCCCCNCCCCNCC)C)C)CC)C,1245.9339999999984,12.17343999999999,10,12,194.22000000000003,52,90,0
COC1=CC=C(C=C1)C(=O)CSC2=NC3=C(CCCC3)C(=C2C#N)C4=CC=C(C=C4)OCC5=CC=CC=C5,520.6540000000003,7.061680000000006,0,6,72.21,9,38,0
CC(C)(C)C1=CC=C(C=C1)C2CC2C(=O)NN=CC3=CC(=C(C=C3)OC)COC4=C(C(=CC=C4)Cl)Cl,525.4760000000002,7.132300000000006,1,4,59.92,8,36,0
CC1=C(C2=CC3=NC4=C(C(C(C4=C3C)O)C(=O)OC)C5=NC(=CC6=C(C(=C(N6)C=C1N2)C=C)C)C(=C5CCC(=O)OCCC(C)CCCC(C)CCCC(C)CCCC(C)C)C)C=C,871.2199999999993,13.498839999999975,3,7,130.18999999999997,21,64,0
CC1=CC=C(C=C1)SC2=C(C=C(C=C2)C=C3C(=O)N(C(=O)S3)CC(=O)NC4=CC=C(C=C4)N5CCOCC5)[N+](=O)[O-],590.6830000000001,5.566020000000006,1,9,122.09,8,41,0
C1=CC=C(C=C1)C(=C2C(N(C(=O)C2=O)C3=CC(=CC=C3)Br)C4=CC=C(C=C4)Br)O,513.1850000000001,5.837900000000004,1,3,57.61,3,29,0
CC1=CC=C(C=C1)C2=NC3=C(C(=C2)C4=CC(=C(C=C4)OC)OC)C(=C(S3)C5=NN=C(O5)C6=CC=CC=C6)N,520.6140000000003,7.255120000000006,1,8,96.29,6,38,0
CC1COC2=C3N1C=C(C(=O)C3=CC(=C2N4CCN(CC4)C)F)C(=O)O.CC1C=CC=C(C(=O)NC2=C(C3=C(C4=C(C(=C3O)C)OC(C4=O)(OC=CC(C(C(C(C(C(C1O)C)O)C)OC(=O)C)C)OC)C)C(=O)C2=CNN5CCN(CC5)C)O)C,1184.3260000000002,4.970220000000007,7,21,291.66999999999996,6,85,0
CCNC(=O)NCC1=CC=C(C=C1)C2OC(CC(O2)C3=CC=C(C=C3)CO)CSC4=CC=CC=C4OC,522.6670000000003,5.344300000000006,3,6,89.05000000000001,10,37,0
CC1=C(C=C(N1C2=C(C=C(C=C2)F)F)C3=CC=C(C=C3)OC)C(=O)N4CCN(CC4)S(=O)(=O)C=CC5=CC=CC=C5,577.6530000000004,5.498020000000006,0,5,71.85,7,41,0
CC1CC(CN(C1)S(=O)(=O)C2=CC=CC(=C2)C3=NN(C=C3C=C(C#N)C(=O)NCC4=CC=CC=C4)C5=CC=CC=C5)C,579.7260000000002,5.429280000000006,1,6,108.09,8,42,0
CCCCCCSC1=NC2=C(C3=CC=CC=C3N(C(O2)C4=CC(=C(C(=C4)OC)OC(=O)C)OC)C(=O)C)N=N1,552.6530000000002,5.597600000000007,0,10,112.97,10,39,0
CCOC1=CC=C(C=C1)NC(=O)CC2C(=O)N(C(=S)N2CCC3=C(C=C(C=C3)Cl)Cl)C4=CC(=CC=C4)Cl,576.9330000000001,6.619100000000006,1,4,61.88,9,37,0
CCCCCCCCCCCCCCCCCC(=O)OCC(COP(=O)(O)OCC[N+](C)(C)C)OC(=O)CCC=CCC=CCC=CCC=CCC=CCCCCC,837.1969999999995,13.24459999999998,1,7,108.36000000000001,41,58,0
CCN1CCN(CC1)C2=C(C=CC=C2Cl)NC(=O)C=CC3=CC=C(O3)C4=C(C=C(C=C4)Cl)Cl,504.84500000000025,6.700600000000005,1,4,48.72,6,33,0
CC(=O)NC1=CC=C(C=C1)NC2=NC(=NC(=N2)NN3C(=NC(=CC4=CC=C(C=C4)SC)C3=O)C5=CC=CC=C5)NC6=CC=C(C=C6)NC(=O)C,684.7860000000002,6.654500000000004,5,11,165.63,11,50,0
COC1=C(C=C(C=C1)C2N3C(CS2)C(=O)N(C3=O)C4=CC(=C(C=C4)Cl)Cl)COC5=CC=CC=C5F,533.4080000000002,6.302900000000005,0,5,59.08,6,35,0
CCCCC1=CC=C(C=C1)N2C(=O)C(=C(C2=O)Cl)NC3=CC=CC(=C3)C(=O)NC4=CC=CC=C4Br,552.8560000000001,6.479700000000004,2,4,78.51,8,35,0
COC1=C(C=C2CN(CCC2=C1)CC3CC(OC(O3)C4=CC=C(C=C4)C5=CC=CC=C5CNC(=O)CCCCC(=O)NC6=CC=CC=C6N)C7=CC=C(C=C7)CO)OC,798.9810000000001,7.864300000000009,4,9,144.60999999999999,16,59,0
CC(C(=O)NC1=C(C=C2C3=CC=CC=C3OC2=C1)OC)OC(=O)CC45CC6CC(C4)CC(C6)(C5)Br,540.4540000000004,6.588800000000005,1,5,77.77000000000001,6,35,0
C1CN(CCN1C(C2=CC=CC=C2)C3=CC=CC=C3)C(=O)C4=NN5C(CC(NC5=C4)C6=CC(=C(C=C6)Cl)Cl)C(F)(F)F,614.4990000000004,7.397600000000005,1,5,53.4,5,42,0
CCOC(=O)C1=C(SC=C1C2=CC=C(C=C2)Cl)NC(=O)OCC3C4=CC=CC=C4C5=CC=CC=C35,504.00700000000023,7.606200000000006,1,5,64.63,6,35,0
CC1=CC=C(C=C1)S(=O)(=O)NC2=CC=C(C=C2)C(=O)NN=CC3=CC(=C(C=C3)OC(=O)C4=CC=C(C=C4)Cl)OC,578.0460000000003,5.440920000000005,2,7,123.16000000000001,9,40,0
CCCCCOC1=C(C=C(C=C1)C2C(=C(C3=CC=C(C=C3)OCC)O)C(=O)C(=O)N2C4=NN=C(S4)SCC5=CC=C(C=C5)Cl)OCC,694.275,8.476500000000005,1,10,111.08,15,47,0
C=CCNC(=S)NC1=CC=C(C=C1)C2=NN=C(N2C3=CC=CC=C3)SCC4=C(C=C(C=C4)Cl)Cl,526.5180000000001,7.005800000000004,2,5,54.77,8,34,0
CC1=CC=C(C=C1)S(=O)(=O)NCC(=O)NN=CC2=C(C=C(C=C2)OC(=O)C3=CC=C(C=C3)Cl)OC(=O)C4=CC=C(C=C4)Cl,640.5010000000002,5.168820000000004,2,8,140.23000000000002,10,43,0
CN1C(=O)C2CC=C3C(C2C1=O)CC4C(=O)N(C(=O)C4(C3C=CC5=CC(=C(C(=C5)OC)O)OC)C6=CC=C(C=C6)Cl)NC7=C(C=C(C=N7)C(F)(F)F)Cl,771.5760000000001,6.290500000000007,2,9,138.37,7,53,0
CC12CCC(CC13C=CC4(C2CCC5(C4CCC5(CN(CCCOC)CC(COCC6=CC=CC=C6)O)O)C)C(=C3)C(=O)C7=CC=CO7)O,673.8910000000003,5.969600000000009,3,8,112.60000000000002,14,49,0
CC#N.C1CC[N-]C(C1)C2CCCC([N-]2)C3=CC=CC[N-]3.C1COCCN1[N+]#[Os]Cl,611.2190000000002,5.323280000000006,0,3,82.92,2,30,0
CN1C(=O)C2CC=C3C(C2C1=O)CC4C(=O)N(C(=O)C4(C3C5=C(C(=CC=C5)OC)O)C6=CC=C(C=C6)OC)NC7=C(C=C(C=C7)Cl)Cl,676.5530000000001,5.330900000000006,2,8,125.48000000000002,6,47,0
CC1=CC(=C(C(=C1)C2C(=C(N(C3=C2C(=O)CCC3)C4=C(N=CC=C4)Cl)N)C#N)C)COC5=CC=C(C=C5)Cl,545.4700000000001,6.889020000000006,1,6,92.24,5,38,0
CC1=C(C(=CC=C1)C)OCCCOC2=CC=C(C=C2)C=C3C(=N)N4C(=NC3=O)SC(=N4)C5=CN=CC=C5,511.60700000000014,5.213810000000004,1,7,100.23,8,37,0
CC1=C(SC2=C1C=C(C=C2)Cl)C3=NN(C(=C3)N4C(=O)C5CC6C7C(CC=C6C(C5(C4=O)C)C8=C(C(=CC=C8)F)O)C(=O)N(C7=O)C9=CC=C(C=C9)[N+](=O)[O-])C,780.2340000000004,7.4518200000000085,1,10,155.95000000000002,5,55,0
CCOC(=O)C(=C1N(C(=O)C(S1)C(=C(C=C(C#N)C#N)C2=CC=CC=C2)SC)C3=CC=CC=C3)C#N,512.6160000000001,5.181140000000005,0,8,117.97999999999999,7,36,0
CC1=C(C(=CC=C1)C)NC(=O)C(C2=CC=C(C=C2)[N+](=O)[O-])N(C)C(=O)C3=CC(=NC4=CC=CC=C43)C5=CC=CC=C5,544.6110000000003,6.8788400000000065,1,5,105.43999999999998,7,41,0
CN(C)C1=CC=C(C=C1)C2C(=C(C(=O)N2C3=NN=C(S3)SCC4=CC=C(C=C4)Cl)O)C(=O)C5=CC6=CC=CC=C6O5,603.1250000000002,7.078900000000006,1,9,99.77,8,41,0
CCCCCCCCCCCCOC(=O)CNC(=S)C(=S)NCC(=O)OCCCCCCCCCCCC,572.9220000000001,7.748600000000009,2,6,76.66000000000001,26,38,0
CC1=CC(=CC=C1)N2C(=NN=C2SCC(=O)NC3=NC=C(S3)CC4=CC(=CC(=C4)Cl)Cl)C5=CC=CO5,556.5000000000002,6.920620000000003,1,8,85.84,8,36,0
C1=CC=C2C(=C1)C(=O)N(C(=N2)C3=CC=C(C=C3)Cl)CCCCCCOC4=C(C=CC(=C4)Cl)Cl,501.84100000000035,7.6631000000000045,0,4,44.120000000000005,9,33,0
CC1=CC(=C(C(=C1)C)C2=C(SC3=C2N=C(N=C3NCCNC4CCN(CC4)C5=NC=CC=N5)C)C)C,501.70400000000035,5.360900000000005,2,8,78.86,7,36,0
CN(C1CC(=NOCC2=CC=C(C=C2)[N+](=O)[O-])C3=CC(C(C4C3C1(OC5=C4C=C(C=C5)OC(=O)NCC6=CC=CC=C6)OCC=C)CCCCO)CCCCO)S(=O)(=O)C7=CC=CC8=C7N=CC=C8,960.1189999999997,8.586100000000007,3,13,212.25,21,69,0
CCCN(CC(=O)NC1=CC(=NN1C2=CC=C(C=C2)F)C3=CC=CC=C3)C(=O)COCC4=CC=CC=C4,500.5740000000003,5.072300000000005,1,5,76.46000000000001,11,37,0
C1CCC(CC1)C2=C(C=CC(=C2)Cl)OC3=CC(=CC(=C3)[N+](=O)[O-])NC(=O)C4=C5N=C(C=C(N5N=C4)C(F)(F)F)C6=CC=CS6,642.0590000000003,9.1305,1,8,111.66,7,44,0
COC1=C(C=CC(=C1)C2=CC(=C(C=C2)NC(=O)C(C(C(F)(F)F)(F)F)(F)F)OC)NC(=O)C(C(C(F)(F)F)(F)F)(F)F,636.3360000000004,6.913600000000002,2,4,76.66,9,42,0
CCOC1=CC2=C(C=C1)N=C(S2)SCC3=NN=C(N3C4=CC=CC=C4)SCC(=O)C5=CC=C(C=C5)F,536.6790000000003,6.6821000000000055,0,9,69.9,10,36,0
CCOC1=CC2=C(C=C1)N(C(=NC(=O)CS(=O)(=O)CC(=O)N3CCN(CC3)C(=O)OCC)S2)CC(=O)OC,570.6460000000004,0.4173000000000018,0,11,153.88,9,38,0
CC1=CC(=CC2=C1NC(=O)C23C4(C(C5N3CCC5)C(=O)C6=CC7=CC=CC=C7O6)C8=CC=CC=C8NC4=O)Cl,538.0030000000002,5.409220000000004,2,5,91.65,2,39,0
COC1=CC(=C(C=C1NC(=O)C2=C(C3=NC(CC(N3N2)C(F)(F)F)C4=CC=CS4)Cl)OC)Cl,521.3480000000001,5.1022000000000025,2,7,75.19,5,33,0
CC(C1=CC=CC=C1)NC(=O)N(CCCOC)CC2(CCC3C2(CCC4C35C=CC6(C4(CCC(C6)O)C)C=C5C(=O)C7=CC=CC=C7C8=CC=CC=C8)C)O,743.0010000000003,8.936700000000005,3,5,99.10000000000001,11,55,0
CCCOC1=CC=C(C=C1)C(=C2C(N(C(=O)C2=O)CC3=CC=CC=C3)C4=CC(=C(C=C4)OCC)OCC)O,515.6060000000003,5.894700000000006,1,6,85.30000000000001,11,38,0
C1=CC=C(C=C1)NC(=O)COC2=C(C=C(C=C2)[N+](=O)[O-])C=C(C#N)C3=NC(=CS3)C4=CC=C(C=C4)F,500.51100000000014,5.939080000000003,1,7,118.14999999999999,8,36,0
C1CCC(CC1)CC2COC(=O)C(CC=CCC(C(=O)N2)CC(=O)N3CC4=CC=CC=C4CC3CO)CC5=CC=CC=C5,586.7730000000004,5.145800000000006,2,5,95.94,7,43,0
CC1=CC=C(C=C1)CN(CCC2=CNC3=CC=CC=C32)C(=O)CN(CC4=CC=C(C=C4)F)C(=O)C5=C(C=C(C=C5)[N+](=O)[O-])Cl,613.0890000000004,7.090920000000007,1,4,99.55000000000001,11,44,0
CCC1=CC=CC=C1OC(=O)C2=CC=C(C=C2)NC3=C(C(=O)N(C3=O)C4=C(C=C(C=C4)Cl)Cl)Cl,515.7800000000001,6.210700000000002,1,5,75.71000000000001,6,34,0
CCOC1=CC=C(C=C1)C(=C2C(N(C(=O)C2=O)CCC3=CC=CC=C3)C4=CC=C(C=C4)I)O,553.3960000000002,5.354300000000005,1,4,66.84,7,33,0
CN(C)C1=CC=C(C=C1)C(C(=O)NC2CCCCC2)N(C3=CC(=CC=C3)OC)C(=O)CC4=CNC5=CC=CC=C54,538.6920000000002,6.008400000000006,2,4,77.67,9,40,0
CCCCOC1=C(C=C(C=C1)C2C3=C(C(=O)N2C4=NC(=C(S4)C(=O)C)C)OC5=C(C3=O)C=C(C(=C5)C)C)OC,546.6450000000003,6.314660000000006,0,8,98.94000000000001,8,39,0
CC1=C(C(=CC=C1)NC(=O)C2=CC=CC=C2P(C3=CC=CC=C3)C4=CC=CC=C4)C5=C(C=CC=C5P(C6=CC=CC=C6)C7=CC=CC=C7)C,669.7450000000001,8.739140000000004,1,1,29.1,9,49,0
CCC(C1=CC=CC=C1)C(=O)N2CCN(CC2C)C(=O)CCCSC3=NN=C(N3C4=CC=CC=C4)C5=CC=CC=C5Cl,602.2040000000002,6.713100000000008,0,6,71.33000000000001,10,42,0
C1CN(C(N1CCNC=C2C=CC=C(C2=O)[N+](=O)[O-])C3=C(C(=CC=C3)[N+](=O)[O-])O)CCNC=C4C=CC=C(C4=O)[N+](=O)[O-],593.5530000000002,1.4626000000000001,3,13,214.32999999999998,12,43,0
CC(C)(C)C1=CC(=C(C=C1)OCC(=O)NNC(=S)NC(=O)CCCOC2=C(C=C(C=C2)Cl)Cl)Br,591.3550000000002,5.313300000000004,3,5,88.69000000000001,8,34,0
COC1=CC=CC=C1C2=NN=C(N2C3=CC=CC=C3)SCC(=O)NCCN4C(=O)C(=CC5=CC=CC=C5F)SC4=O,589.6740000000003,5.026800000000004,1,9,106.41999999999999,10,41,0
CC1=CC=C(C=C1)COC2=C(C=C(C=C2)C=C3C(=O)N(C(=NC4=CC=CC(=C4)C(=O)OC)S3)C)OC,502.59200000000027,5.603020000000007,0,7,77.43,7,36,0
CC1=CC(=C(C=C1)C)C(=C2C(N(C(=O)C2=O)C3=NN=C(S3)SCC4=C(C=C(C=C4)Cl)Cl)C5=CC=C(C=C5)OCC=C)O,638.5980000000002,7.9451400000000065,1,8,92.62,9,42,0
C1=CC=C(C=C1)C(=O)COC(=O)C2=CC=C(C=C2)N3C(=O)C4C(C3=O)C5(C6=CC=CC=C6C4(C7=CC=CC=C75)Br)Br,671.3410000000002,6.136100000000004,0,5,80.75,5,41,0
CCOC1=C(C=CC(=C1)C=C2C(=O)N3C4=CC=CC=C4N=C3S2)OCCCOC5=CC(=C(C=C5)C)C,500.62000000000035,5.320340000000005,0,7,62.06,9,36,0
COC1=C(C(=CC(=C1)C=C2C(=O)N(C(=NC3CCCCC3)S2)C4CCCCC4)I)OCC5=CC=C(C=C5)F,648.5820000000002,7.9556000000000076,0,5,51.129999999999995,7,38,0
CCCCCCCCCCCCCCCCCCOCC(COP(=O)(O)OCC[N+](C)(C)C)OC(=O)CCCCCCCC=CCCCCCCCCCC,803.2239999999991,13.833799999999977,1,6,91.29000000000002,44,55,0
C=CCN(CC1CC(OC(O1)C2=CC=C(C=C2)CNC(=O)CCCCCCC(=O)NO)C3=CC=C(C=C3)CO)C4CCCC4,607.7920000000001,5.617100000000006,4,7,120.36000000000001,17,44,0
C1CCN(C1)CC2CCCN2CC3CC(OC(O3)C4=CC=CC(=C4)C5=CC=CC(=C5)CNC(=O)CCCCCC(=O)NC6=CC=CC=C6N)C7=CC=C(C=C7)CO,774.019,7.739100000000009,4,8,129.39,17,57,0
CC(C)C(=O)OC1C2(CC34C1(C(C56C7CC(=O)OC(C7(C(CC5(C3(C2CC(=O)OC)C)OC(O4)(O6)C)OC(=O)C)C)C8=COC=C8)OC(=O)C(C)C)O)C,758.8140000000003,3.682100000000003,1,15,192.56,8,54,0
C1COC2=C(C=CC=C2N1CC3=CN=CN3CC4=CC=C(C=C4)Cl)C(=O)NCCC5=CC(=CC=C5)F,504.99300000000017,5.095400000000004,1,5,59.39,8,36,0
CC(C)C1=CC=C(C=C1)C(C(=O)NC2=CC=C(C=C2)OC)N(CC3=CC=CC=C3)C(=O)CN4C5=CC=CC=C5N=N4,547.6590000000001,5.9721000000000055,1,6,89.35000000000001,10,41,0
CC12C(CC3C4C(CC=C3C1C5=CC(=C(C=C5)OC)O)C(=O)N(C4=O)C6=CC=C(C=C6)NC7=CC=CC=C7)C(=O)N(C2=O)C8=CC=CC=C8,653.7350000000001,6.579700000000007,2,7,116.25,6,49,0
COC(=O)C1=C(ON=C1C2=C(C=CC=C2Cl)Cl)NC(=O)ON=CC3=CC(=C(C(=C3)Br)O)Br,608.0260000000002,6.2482000000000015,2,8,123.25000000000001,5,32,0
CN(C(CC1=CC=CC=C1)C(=O)NCCO)C(=O)C23CC4C5C(C2ON(C3C(=O)O4)CC6=CC=C(C=C6)C=CCOC7C(C(C(C(O7)CO)O)O)O)OC8(O5)CC9=CC=CC=C9C8,871.9370000000004,-0.2264999999999906,6,15,226.24999999999997,14,63,0
CC1=CC=C(C=C1)S(=O)(=O)NC(CC2=CC=CC=C2)C(=O)NCC3=CC(=CC=C3)C4=CC(=CC=C4)C5OC(CC(O5)C6=CC=C(C=C6)CO)CN7CCCC7COC,804.0219999999997,7.016520000000009,3,8,126.43,16,58,0
CC12C(CC3C4C(CC=C3C1C5=CC=CC=C5O)C(=O)N(C4=O)C6=CC=C(C=C6)[N+](=O)[O-])C(=O)N(C2=O)C7=CC(=C(C=C7)F)Cl,630.0280000000002,5.528200000000005,1,7,138.13,4,45,0
CCOC(=O)C1=CC=C(C=C1)C2=CC=C(O2)C=C(C#N)C3=NC(=C(S3)NC(=O)C4=CC=CS4)C5=CC=C(C=C5)C,565.6760000000002,7.933200000000006,1,8,105.22,8,40,0
CC1=C(C=CC(=C1)C(=O)C2C(N(C(=O)C2=O)CC3=CN=CC=C3)C4=CC(=CC=C4)Br)OCC5=CC=CC=C5,569.4550000000002,5.883220000000005,0,5,76.57000000000001,8,38,0
COC(=O)C(CC#CC1=CC2=C(C=C1)NC(=O)C23C(C4C(=O)OC(C(N4C3C5=CC=C(C=C5)OCCO)C6=CC=CC=C6)C7=CC=CC=C7)C(=O)O)C(=O)OC,758.7800000000003,4.117100000000002,3,11,177.99999999999997,10,56,0
COC1=C(C=CC(=C1)C=CC2C3=CCC4C(C3CC5(C2(C(=O)N(C5=O)CBr)Cl)Cl)C(=O)N(C4=O)C6=CC=C(C=C6)NC7=CC=CC=C7)O,751.461,6.606000000000007,2,7,116.25000000000001,7,48,0
CO.C1CC[N-]C(C1)CN(CC2C=CC=C[N-]2)CC3=NC(=CC=C3)Br.C1(C(C(C(C(C1Cl)Cl)Cl)Cl)O)O.[Fe+3],717.1410000000002,5.155500000000007,3,5,105.02000000000001,6,38,0
CC1=CC2=C(C=C1)C=C(C(=O)N2)C(C3=NN=NN3C4CCCCC4)N(CC5=CC=CC=C5)CC6=CC=C(C=C6)OC,548.6910000000005,6.128620000000006,1,7,88.93,9,41,0
CCOC(=O)C1=CC=C(C=C1)N=C2N(C(=O)CC(S2)C(=O)NC3=CC=CC=C3)CCCC4=CC=CC=C4,515.6350000000002,5.456400000000005,1,6,88.07,9,37,0
CC(=CCCC1(C=CC2=C(O1)C=CC3=C2C(=O)C(=O)C(=C3O)C4=C(C(=O)C5=CC=CC=C5C4=O)C6=C(C7=C(C8=C(C=C7)OC(C=C8)(C)CCC=C(C)C)C(=O)C6=O)O)C)C,802.8760000000001,9.653,2,10,161.34,8,60,0
CC1=C(C(=O)N(N1C)C2=CC=CC=C2)NC(=O)CSC3=NC4=C(S3)C=C(C=C4)NC(=O)C=CC5=CC=CC=C5,555.6850000000003,5.4768200000000045,2,8,98.02000000000001,8,39,0
C1CC(=CC2=CC=C(C=C2)F)C3=C(C1)C(N4C(=CSC4=N3)C5=CC=C(C=C5)Cl)C6=CC=C(C=C6)F,503.0170000000001,8.597900000000003,0,3,15.6,3,35,0
CC(C(=O)NN=CC1=CC(=C(C=C1)OC(=O)C2=C(C3=CC=CC=C3S2)Cl)OC)OC4=CC=C(C=C4)[N+](=O)[O-],553.9800000000002,5.608300000000004,1,9,129.36,9,38,0
COC(=O)C1=C(C=C(C=C1)OC2=C(C=C(C=C2)NC(=O)C3=CC=C(C=C3)I)NC(=O)C4=CC(=CC=C4)[N+](=O)[O-])C(=O)OC,695.422,6.069500000000004,2,9,163.17,9,43,0
C1=CC(=CC=C1CN2C=C(C=N2)Cl)C(=O)NNC(=O)C3=CC=C(C=C3)COC4=C(C=CC(=C4)Cl)Cl,529.8110000000003,5.545400000000003,2,5,85.25000000000001,7,35,0
CC1=C(SC2=C1C(=O)NC(=N2)CSC3=NN=C(N3C(C)C4CC5CCC4C5)C6=CC=CO6)C(=O)O,511.62900000000036,5.132220000000005,2,9,126.90000000000002,7,35,0
CC1=CC=C(C=C1)S(=O)(=O)OC2=CC=CC=C2C3=C(N4C=C(C=CC4=N3)Br)NCC5=CC=CC=C5,548.4620000000002,6.452020000000005,1,6,72.7,7,35,0
CC1=NN(C(=C1)NC(=O)C2CCCCC2)C3=NC4=CC=CC=C4N3CC5=CC(=CC=C5)OC6=CC=CC=C6,505.6220000000001,6.8898200000000065,1,6,73.97000000000001,7,38,0
C1CCC(CC1)C2=CC=C(C=C2)OCCOC3=CC=CC(=C3)C=C4C(=N)N5C(=CSC5=NC4=O)C6=CC=CC=C6,549.6960000000003,7.496370000000008,1,5,74.98,8,40,0
CC(C)C1=CC=C(C=C1)C2C3=C(CC4N2C(=O)N(C4=O)C5=CC=C(C=C5)C(=O)NC6CCCC6)C7=CC=CC=C7N3,546.6710000000003,6.446600000000006,2,3,85.50999999999999,5,41,0
CCC(C)(C)NC(=O)C(C1=CC=C(C=C1)OC)N(C2=CC=CC(=C2C)C)C(=O)CCC(=O)NC3=NOC(=C3)C,534.6570000000004,5.406460000000005,2,6,113.77000000000001,11,39,0
CC1=CC=C(C=C1)C2=CN3C(=C(C4=C3N2CCCC4)C5=CC=C(C=C5)F)C(=S)NC6=CC=C(C=C6)Cl,514.0690000000001,8.299620000000003,1,3,21.369999999999997,4,36,0
CC(=NNC(=O)CSC1=NN=C(N1C2=CC=CC=C2)C3=CC=C(C=C3)Br)C4=CC=C(C=C4)[N+](=O)[O-],551.4260000000002,5.237500000000004,1,8,115.31000000000003,8,35,0
CC(C)CCCC(C)C1CCC2C1(CCC3C2CC=C4C3(CCC(C4)OC(=O)C(=CC5=CC=CC=C5)Br)C)C,595.7060000000001,10.375599999999995,0,2,26.3,8,39,0
CC1(C2=CC=CC=C2N(C1=CC(=O)CSC3=NC4=CC=CC=C4C(=O)N3C5=CC(=C(C=C5)OC)OC)C)C,527.6460000000002,5.375600000000005,0,8,73.66000000000001,7,38,0
C1=CC=C(C=C1)N2C(=C(C(=N2)N)C#N)C(=CC3=CC=C(O3)C4=C(C=C(C=C4)[N+](=O)[O-])Br)C#N,501.3000000000002,5.321060000000003,1,8,147.7,5,33,0
CCCCCC1(OC2C=C(CC(C2O1)OC(=O)C3=CC=C(C=C3)C=C4CCC5C(O5)(CCC6C4CC6(C)C)C)C(=O)N(C)C(CC7=CC=CC=C7)C(=O)NC(CCC(=O)OC(C)(C)C)CO)CCCCC,981.3249999999996,10.628899999999993,2,10,153.23,21,71,0
CC1=C(C=C(C=C1)[N+](=O)[O-])N2C3=C(C(C(=C2N)C(=O)C4=CC=C(C=C4)OC)C5=CC(=C(C(=C5)OC)OC)OC)C(=O)CC(C3)(C)C,627.694,6.2378200000000055,1,10,143.46,9,46,0
CC1=CC=C(C=C1)S(=O)(=O)[N]C2=NC3=CC=CC=C3N=C2NC4=CC=CC(=C4)C5=CC=C(C=C5)[N+](=O)[O-],510.55500000000023,5.881820000000004,1,7,129.19000000000003,7,37,0
CCC1=CC=C(C=C1)N2C(=O)C3=CC=CC=C3N=C2C(CC)N(CC4=CC=CC=C4)C(=O)COC5=CC=C(C=C5)Cl,566.1010000000003,7.160400000000006,0,5,64.43,10,41,0
CC1=CC=C(C=C1)NC2=NC3=NON=C3N=C2NN=CC4=CC=C(O4)C5=C(C(=CC(=C5)C)[N+](=O)[O-])C,484.4760000000003,5.295860000000004,2,11,157.4,7,36,0
CC1=CC=CC=C1NC(=O)CSC2=C(C(C(=C(N2)C)C(=O)NC3=CC=CC=C3OC)C4=CC=C(S4)C)C#N,544.7020000000001,6.080120000000005,3,7,103.25,8,38,0
CC1(CC2=C(C(=O)C1)C(=C(C(=N2)SCC(=O)NC3=NSC(=N3)C4=CC=CC=C4)C#N)C5=CC=C(C=C5)OC)C,555.6850000000002,6.033280000000005,1,9,117.86,7,39,0
CCOC(=O)C1=C(N=C2N(C1C3=CC=C(C=C3)N(C)C)C(=O)C(=CC4=CC=CC=C4OCC5=C(C=C(C=C5)Cl)Cl)S2)C,622.5740000000003,5.750100000000006,0,8,73.13,8,42,0
COC1=CC(=C(C=C1)C2C3=CCC4C(C3CC5(C2(C(=O)N(C5=O)C6=C(C(=C(C(=C6F)F)F)F)F)Cl)Cl)C(=O)N(C4=O)CCC7=CC=C(C=C7)O)O,751.4879999999999,5.608000000000005,2,7,124.45000000000002,6,51,0
CCC1=CC=C(C=C1)N2C(=O)C3CC=C4C(C3C2=O)CC5C(=O)N(C(=O)C5(C4C6=CC=CC=C6OCCO)C)C7=CC=CC=C7,604.7030000000003,5.055400000000006,1,6,104.22000000000001,7,45,0
CCCCCCCCC=CCCCCCCCCCC(=O)OC(COC(=O)CCCCCCCC=CCCCCCCC)COC(=O)CCCC=CCC=CCC=CCC=CCC=CCC,919.4699999999995,18.37139999999998,0,6,78.9,49,66,0
CCC1=CC=C(C=C1)OC2=C(OC3=C(C2=O)C=CC(=C3)OCC4=CN(N=C4)C5=CC=CC=C5)C(F)(F)F,506.4800000000001,6.931200000000006,0,6,66.49000000000001,7,37,0
CC1=CC=C(C=C1)C(=O)C2=C(N(C(=C2C3=NC4=CC=CC=C4S3)NC(=O)C5=CC=C(C=C5)C)C6=CC=CC=C6)O,543.6480000000003,7.559740000000008,2,6,84.22,6,40,0
CCOC1=CC=C(C=C1)N2C(=O)C(=C(C2=O)Cl)NC3=CC=C(C=C3)C(=O)OC4=C(C=CC(=C4C)C)C,504.97000000000025,5.665460000000005,1,6,84.94000000000001,7,36,0
COC1=C(C=CC(=C1)O)C2C3=CCC4C(C3CC5(C2(C(=O)N(C5=O)C6=CC=C(C=C6)F)Cl)Cl)C(=O)N(C4=O)C7=CC=C(C=C7)C(=O)C8=CC=CC=C8,739.583,6.538900000000005,1,7,121.28999999999999,6,52,0
C1=CC=C(C=C1)S(=O)(=O)NC2=CC=C(C=C2)C(=O)NC3=CC=C(C=C3)S(=O)(=O)NC4=CC(=CC=C4)Cl,542.0380000000001,5.193900000000003,3,5,121.44,8,36,0
C1=CC(=CC=C1C(=O)NC2=CC=C(C=C2)I)OC(=S)NC3=CC=C(C=C3)I,600.219,5.9239000000000015,2,3,50.36,4,27,0
CN(C1CC(=NOC2CCCCO2)C3=CC(C(C4C3C1(OC5=C4C=C(C=C5)OC6=CC=C(C=C6)C7=CC=CC=C7)OCC=C)CCCCO)CCCCO)C(=O)OCCCl,843.4579999999996,9.613299999999997,2,10,128.51000000000002,19,60,0
CC1=CC2=C(C=C1)N=C(S2)N3C(C(=C(C4=CC=C(C=C4)F)O)C(=O)C3=O)C5=CC(=CC=C5)OCC6=CC=CC=C6,550.6110000000003,6.949120000000005,1,6,79.73,6,40,0
CCCCOC1=CC=CC(=C1)C(=C2C(N(C(=O)C2=O)CC3=CC=CC=C3)C4=CC=C(C=C4)Br)O,520.4230000000001,6.249900000000006,1,4,66.84,8,34,0
CCOC1=CC=C(C=C1)N2C(=O)C3=C(CCS3)N=C2SCC(=O)N4C(CC(=N4)C5=CC=C(C=C5)OC)C6=CC(=C(C=C6)OC)OC,658.8020000000001,5.775200000000006,0,11,104.48000000000002,11,46,0
CCNC(=O)OC1=CC2=C(C=C1)OC3(C(CC(=NOCC)C4=CC(C(C2C43)CCCCO)CCCCO)N(CC5=CC=CC6=CC=CC=C65)C(=O)C7CC7)OCC=C,794.0020000000001,8.040400000000012,3,9,139.15,19,58,0
CCCCCN(CC(=O)NC1=CC(=NN1C2=CC(=C(C=C2)Cl)Cl)C(C)(C)C)C(=O)C3=CC=CC=C3,515.4850000000002,6.747700000000007,1,4,67.23,9,35,0
CCOC(=O)C1=CC=C(C=C1)N=C2N(C(=O)CC(S2)C(=O)NC3=CC=CC=C3Cl)CCC4=CC=CC=C4,536.0530000000002,5.719700000000005,1,6,88.07,8,37,0
C1CCC(CC1)N2C(=O)C3CC=C4C(C3C2=O)CC5(C(=O)N(C(=O)C5(C4C6=C(C7=CC=CC=C7C=C6)O)Cl)CBr)Cl,660.3920000000002,5.589300000000007,1,5,94.99000000000001,3,41,0
CN1C2=CC=C1C(=C3C=CC(=N3)C(C4=CC=C([N-]4)C(=C5C=CC(=C2C6=CC=CC=C6)[N-]5)C7=CC=CC=C7)C8=CC=CC=C8)C9=CC=CC=C9.Cl[Co+2],723.1650000000002,8.036800000000007,0,2,45.49,4,51,0
CCCCCCCCOC(=O)C1=C(N(C2=CC(=C(C=C21)OC(=O)C)Br)C)CSC(=N)N,512.4700000000001,5.510070000000004,2,7,107.39999999999999,11,31,0
C=CCOC12C(CC(=NOC3CCCCO3)C4=CC(C(C(C41)C5=C(O2)C=CC(=C5)OC6=CC=CC(=C6)[N+](=O)[O-])CCCCO)CCCCO)SCCC7=CC=NC=C7,814.0139999999996,8.918200000000004,2,12,155.0,20,58,0
C1=CC=C(C=C1)COC2=CC=CC(=C2)C=NNC(=O)CSC3=NC4=CC=CC=C4N3CC5=CC=CC=C5Cl,541.0760000000002,6.559400000000005,1,6,68.50999999999999,10,38,0
CC1CC(C23C(C1(C)CC=C(C)C=C)CC(C=C2C(OC3OC(=O)C)OC(=O)C)OC(=O)C)OC(=O)C4=CC=C(C=C4)O,596.6730000000005,5.159100000000006,1,10,134.66,8,43,0
CC1=CC(=C(C(=C1)C2C(=C(N(C3=C2C(=O)CCC3)C4=CC(=CC=C4)[N+](=O)[O-])N)C#N)C)COC5=CC=C(C=C5)Br,599.4850000000002,6.857920000000005,1,7,122.49,6,40,0
CCCCN(CC(=O)N(CCC1=CNC2=CC=CC=C21)CC3=CC=CC=C3)C(=O)NC4=C(C=CC=C4Cl)Cl,551.5180000000003,7.380200000000006,2,2,68.44,11,38,0
CC(C)CC(C(=O)NC(CCCN=C(N)N)C(=O)O)NC(=O)COC1=CC(=C2C(=C1)OC=C(C2=O)C3=CC4=C(C=C3)OCCO4)O,639.6620000000001,1.4695000000000034,6,10,238.02999999999994,14,46,0
CCCN(C1CC(=NOCC2=CC=CC=C2)C3=CC(C(C4C3C1(OC5=C4C=C(C=C5)OC6=CC=CC(=C6)[N+](=O)[O-])OCC=C)CCCCO)CCCCO)C(=O)C7CC7,807.9849999999996,8.869500000000004,2,10,153.19,21,59,0
CC1=C2C(C(=C(N=C2N(N1)C3=NC4=CC=CC=C4S3)C5=CC=CC=C5)C6=NC7=CC=CC=C7S6)C8=CC=C(C=C8)F,571.7060000000002,8.408100000000005,1,7,53.41,4,41,0
COC1=CC(=C(C=C1)NC(=O)OC2=CC3=C(C=C2)OC4(C(CC(=NOCC5=CC=C(C=C5)[N+](=O)[O-])C6=CC(C(C3C64)CCCCO)CCCCO)N(CC7=CC8=C(C=C7)OCO8)C(=O)OC)OCC=C)OC,993.0759999999996,9.054000000000004,3,16,228.43999999999994,22,72,0
CCNC(=O)OC1=CC2=C(C=C1)OC3(C(CC(=NOC4CCCCO4)C5=CC(C(C2C53)CCCCO)CCCCO)N(C)C(=O)C6CC6)OCC=C,723.908,5.823500000000007,3,10,148.38,17,52,0
COC1=C(C=CC(=C1)C2C3=CCN4C(=O)N(C(=O)N4C3CC5C2(C(=O)N(C5=O)NC6=C(C=C(C=N6)C(F)(F)F)Cl)C7=CC=C(C=C7)Cl)C8=CC=CC=C8)O,779.5590000000002,5.854200000000006,2,11,140.69,6,54,0
CCOC1=C(C(=CC(=C1)C=C2C(=O)N3C(C(=C(N=C3S2)C)C(=O)OCC)C4=CC5=C(C=C4)OCO5)Br)OCC6=C(C=C(C=C6)Cl)Cl,746.4630000000001,6.574000000000005,0,10,97.58000000000001,9,46,0
CCCCCOC1=CC=C(C=C1)C2C(=C(C3=CC(=C(C=C3)OC)OC)O)C(=O)C(=O)N2CC4=CN=CC=C4,516.5940000000003,5.289700000000004,1,7,98.19,11,38,0
CCOC1=CC=CC(=C1)C(=C2C(N(C(=O)C2=O)C3=NC4=C(C=C(C=C4S3)C)C)C5=CC(=CC=C5)[N+](=O)[O-])O,529.5740000000003,5.846340000000005,1,8,122.87,6,38,0
CC1=CC=C(C=C1)N2C(=CC(=N2)C(C)(C)C)NC(=O)CN(CC(C)C)C(=O)NC3=CC(=C(C=C3)Cl)Cl,530.5000000000002,6.913620000000006,2,4,79.26,7,36,0
CCOC1=C(C=C(C=C1)CCNS(=O)(=O)C2=C(C=CC(=C2)C3=NNC(C4=CC=CC=C43)NC5=CC=C(C=C5)F)C)OCC,602.7320000000001,5.9188200000000055,3,7,101.05,12,43,0
CCOC1=CC=CC(=C1O)C2C3=CCC4C(C3CC5C2(C(=O)N(C5=O)C6=CC=CC=C6)C)C(=O)N(C4=O)CC7=CC=CS7,596.7050000000003,5.283300000000005,1,7,104.22,6,43,0
CC(C)C1C(OC(=O)N1C(=O)C(C2C(=O)C=C(C(O2)(CCCOC3C(C(C(OC3OC)CO)OCC4=CC=CC=C4)OCC5=CC=CC=C5)O)Br)OC)(C)C,834.7540000000004,4.418500000000005,2,13,168.74999999999997,17,55,0
CC1=CC(=CC(=C1OC(=O)C2=CC=C(C=C2)NC3=C(C(=O)N(C3=O)C4=CC=CC5=CC=CC=C54)Cl)C)Br,575.8460000000002,6.8740400000000035,1,5,75.71000000000001,5,37,0
CC1=C(C(=O)C(=C(C1=O)OC)OC)CC=C(C)CCC=C(C)CCC=C(C)CCC=C(C)CCC=C(C)CCC=C(C)CCC=C(C)CCC=C(C)CCC=C(C)CCC=C(C)C,863.3649999999994,17.853899999999975,0,4,52.60000000000001,31,63,0
CC(C1=NC2=CC=CC=C2C(=O)N1C3=CC=C(C=C3)Br)N(CC4=CC=CO4)C(=O)C5=CC(=CC=C5)OC,558.4320000000002,6.153400000000006,0,6,77.57000000000001,7,37,0
C1=CC=C(C=C1)N2C(=NN=C2SCC(=O)NC3=NC=C(S3)CC4=CC(=CC=C4)Cl)C5=CC=CO5,508.0280000000002,5.958800000000003,1,8,85.84,8,34,0
C1=CC(=CC=C1N)P(=O)(O)O.C1=CC(=CC=C1NC(=NC(=NCCCCCCN=C(N)N=C(N)NC2=CC=C(C=C2)Cl)N)N)Cl,678.5660000000003,3.4083999999999994,9,4,261.13000000000005,10,45,0
CCN1C(=CC(=N1)CC2=CC(=C(C=C2)F)F)C3CCN(CC3)CC4CC(CC4C5=CC(=CC=C5)F)C(CC6CC6)C(=O)O,593.7340000000003,7.401400000000008,1,4,58.36,11,43,0
C1=CC=C2C(=C1)C=C(O2)C(=O)C3=C(C(=O)N(C3C4=CC(=CC=C4)O)C5=NN=C(S5)SCC6=CC=C(C=C6)F)O,559.6000000000004,6.204200000000005,2,9,116.76,7,39,0
CC(=CC1=CC=CC=C1)C=C2C(=O)N(C(=S)S2)CC(=O)N3C4=CC=CC=C4SC5=C3C=C(C=C5)Cl,535.1150000000002,7.317000000000004,0,5,40.620000000000005,4,35,0
CC1=CC(=C(N1C2=CC=C(C=C2)OCC3=CC=C(C=C3)Br)C)C=C4C(=O)N(C(=NC5CCCCC5)S4)C6CCCCC6,646.6949999999998,9.373339999999999,0,5,46.83,7,42,0
CC(=O)NC1CNCC1C(=O)NC2CCCC2C(=O)NC3CNCC3C(=O)NC4CCCC4C(=O)NC5CNCC5C(=O)NC6CCCC6C(=O)N,728.8959999999998,-3.5411000000000064,10,10,253.78,12,52,0
COC(=O)C1=C(SC=C1C2=CC=CS2)NC(=O)CSC3=NC=NC4=C3C=C(S4)C5=CC=CC=C5,523.6860000000003,6.665700000000004,1,9,81.17999999999999,7,34,0
C1C(OC(OC1C2=CC=C(C=C2)CO)C3=CC(=CC=C3)NC(=O)CCCCCCC(=O)NO)CSC4=C(C=CC=N4)C(=O)O,623.7280000000003,5.394300000000003,5,9,167.30999999999997,15,44,0
CCCCCCCCC1CCC2C1(CCC3C2CC=C4C3(CCC(C4)OC(=O)C=CC5=CC(=C(C=C5)O)O)C)C,548.8080000000002,9.352399999999998,2,4,66.76,10,40,0
CCOC(=O)C1=CC=C(C=C1)NC(=O)COC(=O)C2=CC(=NC3=CC=CC=C32)C4=CC=CC5=CC=CC=C54,504.5420000000002,6.027200000000005,1,6,94.58999999999999,7,38,0
CC(=O)NC(CCCCN)C(=O)NC1=CC(=C(C=C1)C(=O)NC(CC(=O)N)C(=O)O)C2=CC(=CC=C2)O,513.5510000000003,0.6898000000000031,7,7,213.93999999999997,13,37,0
CC1=C2C(=CC=C1)C(=CC(=N2)C3=CC=C(C=C3)N4C(=O)C5CC=CCC5C4=O)C(=O)OC(CCCl)C(=O)C6=CC=C(C=C6)Cl,627.5240000000002,7.356420000000006,0,6,93.64000000000001,8,44,0
COCCN(CC(=O)N(CCC1=CC(=C(C=C1)OC)OC)CC2=CC=CS2)C(=O)NC3=C(C=C(C=C3)Cl)Cl,580.5340000000002,5.823900000000006,1,6,80.34,13,38,0
CC1=C(C=C(C=C1)Cl)N2C(=NN=C2SCC3=CC=CC=C3)C(C)NC(=O)C(C4=CC=CC=C4)Cl,511.47800000000007,6.6787200000000055,1,5,59.81,8,34,0
CCN1C2=C(C=C(C=C2)NC(=O)CSC3=NC=NC4=C3C(=CS4)C5=CC=C(C=C5)Cl)C6=CC=CC=C61,529.0900000000001,7.870300000000005,1,6,59.81,6,36,0
CC1=CC(=C(C=C1)[S-])[S-].C1CC=CCCC=C1.C1=CC=C(C=C1)P(C2=CC=CC=C2)C3=CC=CC=C3.[Ir].[Au+],913.9190000000001,7.91922000000001,0,2,0.0,3,38,0
CC1=CCCC2(C(CCC2(CN(CC3=C(C=C(C=C3)OC)OC)CC(COCC4=CC=CC=C4)O)O)C5=C(C=C(CC(CC1)O)C=C5)C(=O)C6=CC(=CC=C6)C(F)(F)F)C,829.9970000000002,9.072000000000003,3,8,108.69,14,60,0
CCOC1=CC=C(C=C1)C2=NN(C=C2C=C3C(=O)N4C(C(=C(N=C4S3)C)C(=O)OCC)C5=CC=CS5)C6=CC=CC=C6,596.7340000000003,5.111200000000005,0,10,87.71000000000001,8,42,0
CC1=C(C=CC(=C1)C2C3=CCC4C(C3CC5C2(C(=O)N(C5=O)NC6=C(C=C(C=N6)C(F)(F)F)Cl)C7=CC=C(C=C7)Cl)C(=O)N(C4=O)C8=CC(=C(C(=C8)[N+](=O)[O-])N(C)C)[N+](=O)[O-])O,894.6469999999998,7.493120000000007,2,12,209.43,8,62,0
C1CN(CC2=CC=CC=C21)CCCNC(=O)C3=CC4=C(C=C3)SC5=CC=CC=C5C(=O)N4CC6=C(C=C(C=C6)F)Cl,586.1320000000003,6.968900000000006,1,4,52.650000000000006,7,41,0
C1=CC=C(C=C1)C2=NN=C(N2C3=CC=C(C=C3)Br)SCC(=O)NN=CC4=CC(=CC=C4)Cl,526.8470000000002,5.592600000000004,1,6,72.17,7,32,0
CC1C(OC(OC1C2=CC=C(C=C2)CO)C3=CC=C(C=C3)C4=CC=CC(=C4)CNC(=O)NCC5=CC=CC=C5)CSC6=CC=C(C=C6)NC(=O)C,701.8890000000001,8.387400000000007,4,6,108.91999999999999,12,51,0
CCN(CC)CCOC1=C(C=C(C=C1I)C(=O)C2=C(OC3=CC=CC=C32)CC(=O)OC(C)C(C)C)I,717.3820000000002,6.723800000000006,0,6,68.98,12,36,0
CCOC1=C(C=CC(=C1)C=NNC(=O)COC2=C(C=C(C=C2Br)C(C)(C)CC(C)(C)C)[N+](=O)[O-])OC(=O)C3=CC=CC=C3Cl,689.0030000000002,7.871500000000008,1,8,129.36,12,44,0
C1CC2=C(C1)SC3=NC(=NC(=C23)OC4=CC=CC(=C4)C(=O)NCC5=CC=CC=C5)CSC6=CC=C(C=C6)Cl,558.1280000000003,7.848000000000005,1,6,64.11,8,38,0
CCCOC1=CC=C(C=C1)C(=C2C(N(C(=O)C2=O)C3=NN=C(S3)SCC4=CC=C(C=C4)F)C5=CC(=C(C=C5)OCCC)OCC)O,663.793,7.572100000000007,1,10,111.08000000000001,14,46,0
CN1C2=CC(=C(C=C2N=C(C1=O)CCN3C(=O)N4CC=C5C(N4C3=O)CC6C(=O)N(C(=O)C6(C5C7=CC=CC=C7O)C8=CC=C(C=C8)Cl)NC9=CC=C(C=C9)F)OC)OC,834.2610000000002,4.435100000000004,2,14,171.91999999999996,9,60,0
C1=CC=C(C(=C1)CN2C3=CC=CC=C3SC(=CC4=CC=C(C=C4)C(=O)NCC5=CC=C(C=C5)F)C2=O)F,512.5810000000002,6.574800000000006,1,3,49.410000000000004,6,37,0
CCC(C)C1C(=O)NC(C(=O)NC(C(=O)NC(CSSCC(C(=O)NC(C(=O)N1)CC2=CC=C(C=C2)O)N)C(=O)O)CC(=O)N)CCC(=O)N,740.8619999999999,-2.647399999999993,10,12,315.22999999999996,10,50,0
CCOC1=CC=C(C=C1)[N+]2=C(NN=C2SCC(=O)NNC=C3C=C(C(=O)C(=C3)C(C)(C)C)C(C)(C)C)C4=CC=CC=C4,586.7820000000003,5.876600000000006,3,6,99.99000000000001,9,42,0
CC(=O)NC1C(C(C(OC1OC(CO)C(CO)O)CO)O)OC2C(C(C(C(O2)CO)O)O)O,487.45500000000015,-6.514999999999988,10,14,248.08999999999995,10,33,0
CCC(C1=CC=CC=C1)C(=O)NC(CC2=CC=CC=C2)C(=O)NC3=NN=C(S3)C4=CC=C(C=C4)N(C)C,513.6670000000001,5.130900000000004,2,6,87.22,10,37,0
C1=CC=C(C(=C1)N=NC2=C(C=C(C=C2)N=NC3=CC(=C(C=C3)C=CC4=C(C=C(C=C4)NN=C5C(=O)C=CC(=C5[O-])N=NC6=C(C=CC(=C6)S(=O)(=O)[O-])[O-])S(=O)(=O)[O-])S(=O)(=O)[O-])S(=O)(=O)[O-])S(=O)(=O)[O-].[Na+].[Na+].[Na+].[Na+].[Cu+2],1193.4650000000006,-8.442000000000007,1,26,447.73999999999995,15,74,0
CC1=CC(=C(C(=C1)C)[Pb](C2=C(C=C(C=C2C)C)C)(C3=C(C=C(C=C3C)C)C)Br)C,644.6650000000002,5.824180000000006,0,0,0.0,3,29,0
COC1=CC(=C(C=C1C=NC2=CC=C(C=C2)OC3=CC=C(C=C3)N=CC4=CC(=C(C=C4OC)OC)OC)OC)OC,556.6150000000002,7.031700000000007,0,9,89.33000000000001,12,41,0
CCOC(=O)C1CCCN(C1)C(=O)CC(C2=CC(=CC(=C2)OC)OC)C3=CN=C4N3C=CC=C4OCC5=CC=CC=C5,571.6740000000003,5.254200000000006,0,8,91.60000000000001,11,42,0
CC12CCC(CC13C=CC4(C2CCC5(C4CCC5(CN(CC6=CC=CC7=CC=CC=C76)C(=O)CC8=CC(=C(C=C8)OC)OC)O)C)C(=C3)C(=O)C9=CC=C(C=C9)OC)O,796.0170000000003,8.910900000000005,2,7,105.53,11,59,0
CC12CCC3C(C1CCC2O)C(CC4C3(CCC(=O)C4)C)CCCC5=CC(=CC=C5)OCCCC(=O)N(C)C,537.7850000000004,6.455300000000007,1,4,66.84,9,39,0
CCCCC=NNC(=O)C1=CC=C(C=C1)N2CCN(CC2)C3=C(N=C(N=C3N)N)C.CCCCC=NNC(=O)C1=CC=C(C=C1)N2CCN(CC2)C3=C(N=C(N=C3N)N)C.CC(=O)O,881.1039999999996,4.454540000000005,7,17,288.82000000000005,14,64,0
CC1=CC=C(C=C1)C23CC4CC(C2)CC(C4)(C3)NC(=O)NN=CC5=CC=C(C=C5)C6=CC=C(C=C6)OC(=O)C,521.6610000000002,6.5110200000000065,2,4,79.78999999999999,6,39,0
CN1C=C(C=N1)CC2=CN(C(=NC2=O)SCC3=CC=C(C=C3)F)CC(=O)N(CCN4CCCCC4)CC5=CC=C(C=C5)C6=CC=C(C=C6)Cl,699.2960000000004,6.834100000000008,0,8,76.25999999999999,13,49,0
CCN(CC)CCN1C(C(=C(C2=CC(=C(C=C2)OCC=C)C)O)C(=O)C1=O)C3=CC(=C(C=C3)OCCC(C)C)OC,564.7230000000003,5.756820000000006,1,7,88.54,15,41,0
CC(C)SC1=NN=C2N1C3=C(C(=O)N2CC4=CC=C(C=C4)OC)C5(CCCCC5)CC6=CC=CC=C63,500.6680000000004,5.873400000000006,0,7,61.42,5,36,0
CC1=CC(=C(C=C1Br)Br)OCC(=O)NN=C(C)CC(=O)NC2=CC=C(C=C2)I,623.0830000000003,5.024320000000003,2,4,79.78999999999999,7,28,0
CC(C)(C)[Si](C)(C)OC1=C(C=CC(=C1)C=CC2=C(C(=C(C=C2)OC)OC)O[Si](C)(C)C(C)(C)C)OC,530.8540000000003,8.650800000000004,0,5,46.150000000000006,9,36,0
CCCCN(CC1=CC=CN1CC2=CC=CC(=C2)C)C(=O)CN(CCOC)C(=O)C3=CC(=C(C=C3)Cl)Cl,544.5230000000004,6.069120000000007,0,4,54.78000000000001,13,37,0
CC(=CCCC(=CCCC(=CCCC(=CCCC(=CCCC(=CCCC(=CCCC(=CCC1=CC(=O)C=C(C1=O)OC)C)C)C)C)C)C)C)C,683.0740000000002,14.036699999999971,0,3,43.370000000000005,24,50,0
CCCCC(CC)C(=O)NC(C)C1=NN=C(N1C2=C(C=CC(=C2)Cl)Cl)SCC3=CC(=CC=C3)OC,535.5410000000002,7.268600000000007,1,6,69.04,12,35,0
CC1=CSC(=N1)N2C(C3=C(C2=O)OC4=C(C3=O)C=C(C=C4)Br)C5=CC=C(C=C5)Br,532.2130000000001,5.832720000000003,0,5,63.410000000000004,2,29,0
CC1=C(C(N2C(=O)C(=CC=CC3=CC=CC=C3)SC2=N1)C4=CC(=C(C=C4)OCCC(C)C)OC)C(=O)OC(C)C,560.7160000000003,5.285400000000005,0,8,79.12000000000002,10,40,0
CC(=O)C1=CC(=CC=C1)N(C(C2=CC=C(C=C2)OC)C(=O)NC3CCCCC3)C(=O)CC4=CC=CS4,504.6520000000003,5.725200000000006,1,5,75.71000000000001,9,36,0
CC1C(OC(OC1C2=CC=C(C=C2)CO)C3=CC=C(C=C3)C4=CC=CC(=C4)CNC(=O)C(Cl)(Cl)Cl)CSC5=NC6=CC=CC=C6S5,714.136,9.025700000000002,2,7,80.67999999999999,9,46,0
CC1=CC(=CC(=C1)C(=O)N2CCC(CC2CC3=CC=CC=C3)N4CCN(CC4)C5CCN(C(C5)CC6=CC=CC=C6)C(=O)C7=CC(=CC(=C7)C(F)(F)F)C(F)(F)F)C,804.9200000000005,9.090640000000002,0,4,47.10000000000001,8,58,0
CCOC1=C(C=C(C=C1)C2C(=C(C(=O)N2C3=NC4=C(S3)C=C(C=C4)Cl)O)C(=O)C5=C(N=C(S5)C)C)OC,556.0650000000002,6.213240000000005,1,9,101.85,7,37,0
C1=CC=C(C=C1)COC2=CC(=CC(=C2OCC3=CC=CC=C3)OCC4=CC=CC=C4)C(=O)NN=CC5=CC(=CC=C5)[N+](=O)[O-],587.6320000000002,7.095700000000009,1,7,112.29000000000002,13,44,0
CC1=CC=CC=C1N2C3=C(C(C(=C2N)C#N)C4=CC(=CC(=C4C)CSCC5=CC=CC=C5)C)C(=O)CCC3,519.7140000000003,7.350040000000007,1,5,70.12,6,38,0
C1=CC=C(C=C1)COC2=CC=C(C=C2)C3=NN(C=C3C=NNC(=O)COC4=C(C=C(C=C4)Cl)Cl)C5=CC=CC=C5,571.4640000000003,6.954200000000005,1,6,77.74,10,40,0
CC(C)C1=CC2=C(C=C1)OC(=C3C=C(C=CC3=O)NC(=S)NC(=O)C4=C(C5=C(S4)C=C(C=C5)Cl)Cl)N2,556.4960000000001,6.674700000000004,3,6,79.46000000000001,3,36,0
C1=CC=C(C=C1)OC2=CC=C(C=C2)NC(=O)C(=O)NN=CC3=C(C=CC4=CC=CC=C43)OCC5=CC(=CC=C5)Br,594.4650000000003,7.062400000000005,2,5,89.02,8,40,0
C1CN(CCN1CC=CC2=CC=CC=C2)C(=O)C3=CC=C(C=C3)CSC4=NC(=CC(=N4)Cl)N5CCN(CC5)C6=CC(=CC=C6)Cl,659.687,6.873500000000007,0,7,55.81,9,45,0
CC(C)CC(C(=O)NC(CC(=O)O)C(=O)NC(C)C(=O)NC(CCC(=O)O)C(=O)NC(CC1=CC=CC=C1)C(=O)NC(CCCN=C(N)N)C(=O)O)NC(=O)C(CC(=O)N)NC(=O)C(C(C)C)NC(=O)C(CCC(=O)O)NC(=O)C(CO)N,1179.253,-6.148200000000003,18,17,564.8399999999998,39,83,0
CCOC1=C(C2=C(C=C(C=C2)S(=O)(=O)[O-])C(=C1)N=NC3=C(C=C(C=C3)NC(=O)C4=CC=CC=C4)S(=O)(=O)[O-])NN=C5C(=CC6=C(C5=O)C(=CC(=C6)S(=O)(=O)[O-])NC(=O)C7=CC=CC=C7)S(=O)(=O)[O-].[Na+].[Na+].[Na+].[Na+],1092.94,-6.5627000000000075,3,20,362.4099999999999,14,72,0
CC(=O)NC1=CC=C(C=C1)SCC2CC(OC(O2)C3=CC=C(C=C3)C4=CC=CC(=C4)CN)C5=CC=C(C=C5)CO,554.7120000000003,6.600700000000008,3,6,93.81,9,40,0
COC1=CC=C(C=C1)N=C2N(C(=O)C(=CC3=CC=CN3C4=CC=C(C=C4)C(=O)O)S2)CCC5=CNC6=CC=CC=C65,562.6510000000003,6.5121000000000056,2,6,99.91999999999999,8,41,0
CC1=CC(=C(C=C1)C2=NC3=C(O2)C=CC(=C3)NC(=O)C=CC4=CC=C(O4)C5=C(C(=CC=C5)Cl)Cl)C,503.38500000000016,8.330340000000003,1,4,68.27000000000001,5,35,0
CCCN(CC1(CCC2C1(CCC=C(CCC(CC3=CC(=C2C=C3)C(=O)C4=CC=C(S4)C)O)C)C)O)C(=O)OC5=CC6=CC=CC=C6C=C5,679.9230000000002,9.390219999999998,2,6,87.07000000000001,7,49,0
COC1=CC=CC(=C1C2C3=CCC4C(C3CC5(C2(C(=O)N(C5=O)C6=C(C(=C(C(=C6F)F)F)F)F)Cl)Cl)C(=O)N(C4=O)C7=CC=C(C=C7)C(=O)C8=CC=CC=C8)O,811.543,7.095300000000006,1,7,121.29,6,56,0
CC1=CC(=NNC2=CC=C(C=C2)NC(=O)NC3=C(C=C(C=C3)N=NC4=CC(=CC=C4)S(=O)(=O)O)OC)C=C(C1=O)C(=O)O,604.6010000000002,5.309200000000004,5,10,208.20999999999995,9,43,0
CC1C(C(C(C(O1)OC2C(OC(CC2OC)OC3C(OC(CC3OC)OC4CCC5(C(C4)CCC6(C5CC(C7(C6(CCC7(C(C)O)O)O)C)OC(=O)C=CC8=CC=CC=C8)O)C)C)C)O)OC)O,963.1680000000003,3.542900000000008,6,17,230.74999999999997,13,68,0
CCOC1=CC=C(C=C1)N2C(=NN=C2SCC(=O)NC3=NC4=CC=CC=C4S3)CNC(=O)C5=CC(=C(C=C5)C)[N+](=O)[O-],603.6860000000001,5.153120000000004,2,11,154.17000000000002,11,42,0
CC(C)(C)C1=CC=C(C=C1)C2=NN=C(N2C3=CC=CC=C3)SCC(=O)NNC(=C)C4=CC=C(C=C4)Br,562.5370000000003,6.378100000000003,2,6,71.84,8,36,0
CC1=C(C=CC(=C1)OCC(C)C)C(=O)C2C(N(C(=O)C2=O)CC3=C[NH+]=CC=C3)C4=CC=C(C=C4)C(C)(C)C,513.6580000000002,5.293120000000005,0,4,77.82,8,38,0
CC(=O)N1C(OC2=C(C3=CC=CC=C31)N=NC(=N2)SCC4=CC=CC=C4Cl)C5=CC(=CC=C5)OC6CCCC6,559.0909999999999,7.249800000000006,0,7,77.44000000000001,6,39,0
CC(C)C(C(=O)NC(CC1=CC=CC=C1)C(C(C(CC2=CC=CC=C2)NC(=O)C(C(C)C)NC(=O)CC3=CN=CC=C3)O)O)NC(=O)CC4=CN=CC=C4,736.9140000000002,2.720200000000003,6,8,182.64,19,54,0
CC1=C(C(=CC=C1)NC(=O)C2C(N3C(=NC2=C)N=C(N3)SCC4=CC=CC=C4Cl)C5=CC=C(C=C5)OC(C)C)C,574.1500000000001,7.032940000000006,2,7,78.32000000000001,7,40,0
COC1=C(C(=CC(=C1)C=NC2=CC=C(C=C2)NC(=O)C3=CC=CC=C3Cl)Br)OCC4=CC=C(C=C4)F,567.8420000000002,7.832100000000005,1,4,59.92,8,36,0
CCCC[Sn]CCCC.C1=CC(=CNC2=CC=C(C=C2)F)C(=O)C=C1.C1=CC(=CNC2=CC=C(C=C2)F)C(=O)C=C1,663.3970000000002,8.760600000000004,2,4,58.2,10,41,0
CCCCCOC1=CC=C(C=C1)C2C3C(=O)CC(C=C3NC4=CC=CC=C4N2C(=O)C(C)C)C5=CC=C(C=C5)F,540.6790000000003,7.807200000000008,1,4,58.64,8,40,0
CCNC(=O)NCC1=CC=CC=C1C2=CC=C(C=C2)C3OC(CC(O3)C4=CC=C(C=C4)CO)CN5CCN(CC5)C6=CC=C(C=C6)[N+](=O)[O-],665.7910000000002,5.9408000000000065,3,8,129.44,11,49,0
C=CCCC(C(=O)OCC(CCCCNC(=O)OCC1=CC=CC=C1)NC(=O)C(CC=C)CC(=O)NC(CC2=CC=CC=C2)CO)NC(=O)OCC3C4=CC=CC=C4C5=CC=CC=C35,873.0600000000001,7.286800000000008,5,9,181.38999999999996,26,64,0
CCN(C1=CC=CC2=CC=CC=C21)C(=O)COC(=O)C=CC(=O)OCC(=O)N(CC)C3=CC=CC4=CC=CC=C43,538.6000000000003,5.041600000000004,0,6,93.21999999999998,10,40,0
CCCCNC(=O)C(C)NC(=O)C1=C(C2=C(C=C1C)C(C(C3=CC4=C(C(=C32)O)C(=O)C5=C(C4=O)C(=CC(=C5)OC)O)O)OC6C(C(C(C(O6)C)NC)OC7C(C(C(CO7)O)O)O)O)O,895.9120000000007,0.220020000000002,11,18,312.35999999999996,12,64,0
CC(C1=CC=CC=C1)NC(=O)N2C3=C(C=C(C=C3)C#CCN4C5=CC=CC=C5N=N4)C6(C2=O)C(C7C(=O)OC(C(N7C6C8=CC=C(C=C8)OCCO)C9=CC=CC=C9)C1=CC=CC=C1)C(=O)NC1=CC=C(C=C1)N1CCOCC1,1053.1889999999999,8.465700000000007,3,13,180.69,12,79,0
CN(C1CC(=NOCC2=CC=CC=C2)C3=CC(C(C4C3C1(OC5=C4C=C(C=C5)OC6=CC7=CC=CC=C7C=C6)OCC=C)CCCCO)CCCCO)C(=O)OC,774.9549999999998,9.1641,2,9,119.28000000000002,17,57,0
C1=CC=C(C(=C1)C(=O)NN=CC2=CC(=CC=C2)OC(=O)C3=CC=C(C=C3)Cl)OCC4=CC=C(C=C4)Cl,519.3840000000001,6.555500000000004,1,5,76.99,8,36,0
CCCCCCCCCCCCCCCCCC(=O)OCC(COP(=O)([O])OCC[N+](C)(C)C)O,523.6920000000003,6.430000000000008,1,6,101.96000000000001,25,35,0
COC1=CC=C(C=C1)C2CC(=NN2C(=O)CSC3=NN=C(N3C4=CC=C(C=C4)F)CNC(=O)COC5=CC=CC=C5)C6=CC=C(C=C6)OC,680.7620000000003,5.588800000000005,1,10,120.17000000000002,13,49,0
CCC1C(C(C(N(CC(CC(C(C(C(C(C(=O)O1)C)O)C)OC2C(C(CC(O2)C)N(C)C)O)(C)O)C)CCCNC(=O)NS(=O)(=O)C3=CC=CC=C3Cl)C)O)(C)O,851.5010000000001,2.077300000000005,7,14,227.65999999999997,10,57,0
CCCCC(C(=O)N)NC(=O)C(C)NC(=O)C(CCC(=O)O)NC(=O)C(CC1=CC=CC=C1)NC(=O)C(CC(C)C)NC(=O)C(C(C)C)NC(=O)C(CCCN=C(N)N)N,846.0439999999995,-1.2188999999999997,11,10,345.4099999999999,28,60,0
CN1C(=O)C(=CC2=CC=CC=C2OCC3=C(C=C(C=C3)Cl)Cl)SC1=NC4=CC=C(C=C4)C(=O)OC,527.429,6.592800000000006,0,6,68.2,6,35,0
COC1=CC=C(C=C1)C=C2CCCC3=C2N=C4N(C3C5=CC=C(C=C5)OC)C(=O)C(=CC6=CC=C(C=C6)Cl)S4,555.0990000000002,6.153400000000006,0,6,52.82,5,39,0
CC1=C(C2=C(N1C(=O)C3=CC=C(C=C3)Cl)C=CC(=C2)OC)CC(=O)N4C5=CC=CC=C5CCC6=CC=CC=C64,535.0430000000003,7.306220000000007,0,4,51.54,4,39,0
CCOC(=O)N(CC1=CC2=C(C=C1)OCO2)C3CC(=NOCC4=CC=CC=C4)C5=CC(C(C6C5C3(OC7=C6C=C(C=C7)OCCN8CC8)OCC=C)CCCCO)CCCCO,852.0379999999994,7.602200000000011,2,12,140.75000000000003,22,62,0
CC1C=CC=C(C(=O)NC2=C3C(=NC4(N3)CCN(CC4)CC(C)C)C5=C(C2=O)C(=C(C6=C5C(=O)C(O6)(OC=CC(C(C(C(C(C(C1O)C)O)C)OC(=O)C)C)OC)C)C)O)C,847.0190000000005,4.615720000000005,5,14,205.54999999999995,4,61,0
CC1C(OC(OC1C2=CC=C(C=C2)CO)C3=CC=C(C=C3)NC(=O)CCCCCNC(=O)C)CSC4=CC=CC=N4,577.7470000000004,5.792600000000005,3,7,109.77999999999999,13,41,0
C1=CC(=CC(=C1)Br)C2C3=C(C(=O)N2C4=NC=CS4)OC5=C(C3=O)C=C(C=C5)Br,518.1860000000001,5.524300000000002,0,5,63.410000000000004,2,28,0
CCOC(=O)C1=C(SC2=C1CCC(C2)C)NC(=O)C(=O)NN=CC3=CC(=C(C=C3)OC(=O)C4=CC=C(C=C4)Cl)OC,598.0770000000002,5.019600000000004,2,9,132.39,8,41,0
CCCOC1=CC=C(C=C1)C(=O)OC2=C(C=C(C=C2)Br)C=NNC(=O)C(=O)NC3=CC=CC=C3C(=O)NC4CCCCC4,649.5419999999997,5.608400000000005,3,7,135.19,10,43,0
CCOC1=CC(=CC(=C1OCC2=CC=C(C=C2)Cl)CC=C)C=C3C(=O)NC(=S)N(C3=O)C4=CC=CC(=C4)C(=O)O,577.0580000000003,5.575700000000005,2,6,105.17,10,40,0
C1CN(CCC1N2C3=CC=CC=C3NC2=O)C(=O)C4=CC(=CC=C4)NC5C6=CC=CC=C6C(=O)N5CC7=CC=C(C=C7)F,575.6440000000003,5.712700000000005,2,5,90.43999999999998,6,43,0
CCOC(=O)C1=CC=C(C=C1)N=C2N(C(=O)CC(S2)C(=O)NC3=CC(=CC=C3)Br)CC4=CC(=C(C=C4)OC)OC,626.5290000000001,5.803500000000006,1,8,106.53,9,40,0
COC1=C(C(=CC(=C1)C=C2C(=O)OC(=N2)C3=CC=CC4=CC=CC=C43)I)OCC5=CC=CC=C5Cl,595.82,7.029900000000004,0,5,57.120000000000005,6,35,0
CC1=CC(=NC(=C1C#N)SCC2=C(C=CC(=C2)C=C3C(=O)N4C(C(=C(N=C4S3)C)C(=O)OC)C5=CC=C(C=C5)N(C)C)OC)C(F)(F)F,693.7730000000003,5.369000000000005,0,11,109.80999999999999,8,48,0
CC1=CCCC2(C(CCC2(CN(CC3=C(C=C(C=C3)OC)OC)C(=O)NC4=CC=C(C=C4)OC)O)C5=C(C=C(CC(CC1)O)C=C5)C(=O)C6=CC=C(C=C6)C7=CC=CC=C7)C,823.043,10.383199999999992,3,7,117.56,11,61,0
CCCCN(CC(=O)N(CCC1=CNC2=CC=CC=C21)CC3=CC=C(C=C3)N(C)C)C(=O)C4=C(C=C(C=C4)[N+](=O)[O-])Cl,590.1240000000004,6.309300000000007,1,5,102.79,13,42,0
C1CCC(CC1)N2C(=O)C3CC=C4C(C3C2=O)CC5(C(=O)N(C(=O)C5(C4C6=C(C=CC(=C6)Br)O)Cl)C7=CC=C(C=C7)F)Cl,690.3930000000003,6.189900000000006,1,5,94.99000000000001,3,43,0
CC1=C(SC(=C1C(=O)OC)NC(=O)C(C(C(C(C(=O)NC2=C(C(=C(S2)C)C)C(=O)OC)(F)F)(F)F)(F)F)(F)F)C,624.5280000000005,5.734880000000003,2,8,110.8,9,40,0
CC1=CC(=C(C=C1)C)NC(=O)C(C2=CC=CC=C2)OC(=O)C3=CC=C(C=C3)NS(=O)(=O)C4=CC=CS4,520.6320000000002,5.7025400000000035,2,6,101.57,8,36,0
CC1=CC(=O)C2=C(C1=O)CC3C4C(CC=C3C2C5=C(C=C(C=C5)OCC6=CC=CC=C6)O)C(=O)N(C4=O)C7=CC=C(C=C7)Cl,606.0740000000003,6.258700000000007,1,6,100.98000000000002,5,44,0
CC1=CC=C(C=C1)S(=O)(=O)NC2=C(C3=NC4=CC=CC=C4N=C3N2C5=CC(=CC=C5)OC)C(=O)NCC6=CC=CC=C6,577.6660000000003,5.621520000000005,2,7,115.21000000000001,8,42,0
C1C(OC(OC1C2=CC=C(C=C2)CO)C3=CC=C(C=C3)C4=CC=CC=C4CNC(=O)CCCCC(=O)NC5=CC=CC=C5N)CSCCO,683.8710000000001,6.5143000000000075,5,8,143.14,16,49,0
CCN(CC)P(=O)(C1=C(N(N=C1C)CCOC(=O)C2=CC=C(C=C2)Cl)NC(=O)C3=CC=C(C=C3)Cl)NC4=C(C=C(C=C4)[N+](=O)[O-])Br,752.3900000000001,7.5506200000000065,2,8,148.70000000000002,13,46,0
CC1C(C(CC(O1)OC2COC(=O)C(CC3=NC(=C(C=C3)OC4C=C5C#CC2=CC#CC6C5(C4OC7CC(C(C(O7)C)O)(C)O)O6)Cl)NC(=O)C8=C(C=C9C=C(C(=C(C9=C8)OC)OC)OC(C)C)O)O)N(C)C,1030.5210000000002,3.5111000000000034,5,18,238.81999999999996,11,73,0
CCON=C1CC(C2(C3C1=CC(C(C3C4=C(O2)C=CC(=C4)OC5=CC=C(C=C5)SC)CCCCO)CCCCO)OCC=C)N(CC6=CC7=C(C=C6)OCO7)C(=O)OCCCl,877.4969999999997,9.460600000000003,2,12,137.74,21,61,0
CC1C(OC(OC1C2=CC=C(C=C2)CO)C3=CC=C(C=C3)C4=CC=CC=C4CN)CN(C)C(C)C5=CC6=CC=CC=C6C=C5,586.7760000000003,7.9422000000000095,2,5,67.94999999999999,9,44,0
CCCCOC1=C(C=C(C=C1Br)C2C(C(=C)N=C3N2NC(=N3)SCC4=CC=CC=C4Cl)C(=O)C)OC,591.9590000000002,6.5292000000000066,1,8,75.52,9,36,0
CCSCCOC(=O)C1C(C2=C(CC(CC2=O)C3=CC=C(C=C3)Cl)N=C1C)C4=CC=C(C=C4)F,500.0350000000002,6.3505000000000065,0,5,55.730000000000004,7,34,0
CC1(CC2=C(C(=O)C1)C3=C(C=CC4=CC=CC=C43)NC2C5=CC(=C(O5)Br)Br)C,501.21800000000013,7.267300000000004,1,3,42.24,1,28,0
CCOC1=C(C=C(C=C1)C(=O)NC(=S)NC2=CC=CC(=C2C)C3=NC4=C(O3)C=CC=N4)Br,511.4010000000002,5.486220000000004,2,6,89.28,5,32,0
C1C(OC(OC1C2=CC=C(C=C2)CO)C3=CC=C(C=C3)NS(=O)(=O)C4=CC=CC=C4)CSC5=CC=CC=C5C(=O)O,591.7070000000002,6.015600000000005,3,7,122.15999999999998,10,41,0
C1C2CC3CC1CC(C2)(C3)NC(=O)NC4=CC=C(C=C4)C5OC(CC(O5)C6=CC=C(C=C6)CO)CSCCO,552.7370000000002,5.540100000000007,4,6,100.05000000000001,9,39,0
COC1=C(C(=CC(=C1)C2C3=CCC4C(C3CC5(C2(C(=O)N(C5=O)C6=C(C(=C(C(=C6F)F)F)F)F)Cl)Cl)C(=O)N(C4=O)C7=CC(=CC=C7)[N+](=O)[O-])Cl)O,786.877,6.425900000000004,1,8,147.36,5,52,0
CC1=C(SC2=C1C=C(C=C2)Cl)C3=NN(C(=C3)N4C(=O)C5CC6C7C(CC=C6C(C5(C4=O)C)C8=CC=CC=C8OCCO)C(=O)N(C7=O)C9=CC=C(C=C9)NC1=CC=CC=C1)C,852.4130000000001,8.813620000000004,2,10,134.07000000000002,9,61,0
CC(C)C1C(=O)NC(C(=O)NC(CCNC2=C(C=C(C=C2I)[N+](=O)[O-])C(=O)N1)C(=O)N)CO,576.3480000000001,-0.7833999999999968,6,8,205.79,4,33,0
CCC1=C(N=C(S1)NC(=O)C2=CC3=C(C=CC(=C3)OC)OC2=NC4=CC=C(C=C4)C)C5=CC6=CC=CC=C6C=C5,545.6640000000002,8.073620000000005,1,6,76.72,6,40,0
CC1CCC2=C(C1)SC3=C2C(=O)N(C(=N3)SCC4=CSC(=N4)NC5=CC=C(C=C5)C)CCC(C)C,524.7810000000003,7.429720000000007,1,8,59.81,8,35,0
CC1=C(C(=O)N(N1C)C2=CC=CC=C2)NC3=NC(=NC(=N3)NN4C(=NC(=CC5=CC=CC=C5)C4=O)C6=CC=CC=C6)NC7=C(N(N(C7=O)C8=CC=CC=C8)C)C,744.82,5.611440000000004,3,14,161.29000000000002,10,56,0
COC1=CC(=C(C=C1)OC)C=CC2=CC=C(C=C2)N3C(=O)C4CC=C5C(C4C3=O)CC6C(=O)C(=CC(=O)C6(C5C7=C(C=CC(=C7)OC)O)C8=CC=CC=C8)C9=CC=CC=C9,797.9040000000003,8.617400000000005,1,8,119.44,9,60,0
CC(C(=O)NC(=S)NC1=CC2=C(C=C1)OC(=N2)C3=CC=C(C=C3)C(C)(C)C)OC4=C(C=C(C=C4)Cl)Cl,542.4880000000003,7.379600000000005,2,5,76.39,5,36,0
COC1=CC2=C(C=C1)N=C(S2)N3C(C(=C(C4=CC=C(C=C4)Cl)O)C(=O)C3=O)C5=CC(=CC=C5)OC6=CC=CC=C6,569.0380000000002,7.376900000000005,1,7,88.96000000000001,6,40,0
COC1=CC=C(C=C1)C2C(N3C=CC4=CC=CC=C4C3C2(C#N)C(=O)OC)C(=O)OC(C5=CC=CC=C5)C6=CC=CC=C6,570.6450000000003,6.204380000000006,0,7,88.86,7,43,0
CC(C)C(C)NC(=O)C1=COC(=N1)CSC2=NN=C(N2C3=CC=CC(=C3)C(F)(F)F)C4=CC=CO4,505.52200000000016,5.600700000000005,1,8,98.98,8,35,0
CCOC1=CC=CC=C1C2C3=C(CC(CC3=O)C4=CC(=C(C(=C4)OC)OC)OC)NC5=CC=CC=C5N2,500.5950000000002,6.090600000000005,2,7,78.05000000000001,7,37,0
CN(C)CCCNC1=NC2=C(N1C3C(C(C(O3)CO)O)O)NC(=NC2=O)N,383.4090000000001,-2.323099999999997,6,11,174.78,7,27,0
CC1=CC(=C(C(=C1)C2C(=C(N(C3=C2C(=O)CC(C3)(C)C)C4=C(C(=CC=C4)Cl)Cl)N)C#N)C)COC5=CC=C(C=C5)F,590.5260000000002,8.269220000000004,1,5,79.35000000000001,5,41,0
CC1=C(C=CC(=C1)N=NC2=C(C(=C(C3=C2C=CC(=C3)O)NC(=O)C4=CC=C(C=C4)N)NC(=O)C5=CC=C(C=C5)N)S(=O)(=O)O)N=NC6=CC(=CC=C6)S(=O)(=O)O,794.8280000000002,7.847020000000008,7,13,288.65000000000003,10,56,0
CCOC1=C(C=CC(=C1)C2C3=CCC4C(C3CC5(C2(C(=O)N(C5=O)C6=CC=C(C=C6)F)Cl)Cl)C(=O)N(C4=O)C7=CC=C(C=C7)C=C)O,675.54,6.341000000000006,1,6,104.22000000000001,6,47,0
CCCCCCCCCCCCNC(=O)OC1=CC2=C(C=C1)OC3(C(CC(=NOC)C4=CC(C(C2C43)CCCCO)CCCCO)N(CC5=CC=CC6=CC=CC=C65)C(=O)OC7=CC=C(C=C7)[N+](=O)[O-])OCC=C,1017.2739999999997,12.721899999999977,3,12,191.51999999999998,29,74,0
CCOC1=C(C=CC(=C1)C=C2C(=O)N3C(C(=C(N=C3S2)C)C(=O)OC(C)C)C4=CC=CC=C4)OCC5=CC=CC=C5C#N,593.7050000000002,5.036180000000005,0,9,102.91,9,43,0
CC(C)(C)NC(=O)C1CCC2CCCCC2N1CC3CC(OC(O3)C4=CC(=CC=C4)NC(=O)CCC(=O)O)C5=CC=C(C=C5)CO,635.8020000000002,5.465500000000006,4,7,137.43,10,46,0
CCOC1=CC=CC=C1NC(=O)C2C(N3C(=NC(=N3)SCC4=CC=CC=C4Cl)NC2=C)C5=CC=CC6=CC=CC=C65,582.1290000000001,7.559200000000006,2,7,81.07,8,41,0
CC1=C2C(C(=O)C3(C(CC4C(C3C(C(C2(C)C)(CC1OC(=O)C(C(C5=COC=C5)NC(=O)OC(C)(C)C)O)O)OC(=O)C6=CC=CC=C6)(CO4)OC(=O)C)O)C)OC(=O)N7CCN(CC7)C,924.01,3.2443000000000035,4,17,250.13999999999996,9,66,0
CCCN(C)CC1(CCC2C1(CCC=C(CCC(CC3=CC(=C2C=C3)C(=O)C4=CC=CC=C4)O)C)C)O,503.7270000000002,6.297900000000008,2,4,60.77000000000001,6,37,0
CC1(C2(CCC1(OC2=O)C(=O)N(CC3CCCO3)CC4(CCC5C4(CCC6C57C=CC8(C6(CCC(C8)O)C)C=C7C(=O)C9=CC=CC=C9)C)O)C)C,711.9400000000004,6.589900000000009,2,7,113.37000000000002,7,52,0
C1=CC(=CC=C1C2=NC3=C(O2)C=CC(=C3)Cl)NC(=S)NC(=O)C=CC4=CC=C(O4)C5=CC=C(C=C5)Cl,534.4240000000002,7.5880000000000045,2,5,80.3,5,36,0
CC1=CC(=O)OC2=C1C=CC(=C2)OCC3=CC=C(C=C3)C(=O)NC4=CC=C(C=C4)S(=O)(=O)[N-]C5=NC=CC=N5,541.5650000000002,5.116820000000003,1,8,142.55999999999995,8,39,0
CC1=C(C=C(C=C1)NC(=O)CCC(=O)NN=CC2=CC(=C(C(=C2)Br)OCC3=CC=CC=C3)OC)Cl,558.8600000000001,5.867520000000004,2,5,89.02000000000001,10,35,0
CC1=CC=CC=C1N2C(=NN=C2SCC(=O)NC3=NC=C(S3)CC4=C(C=CC(=C4)C(F)(F)F)Cl)C5=CC=CC=C5,600.0910000000001,7.693020000000004,1,7,72.7,8,40,0
C1=CC=C2C(=C1)C=C3C=CC=CC3=C2C=NNC4=C(C=C(C=C4)S(=O)(=O)NC5=CC=CC=C5C(=O)O)[N+](=O)[O-],540.5570000000002,5.846200000000005,3,7,151.0,8,39,0
CC1=CC2=C(C=C1)N=C(S2)N3C(C(=C(C3=O)O)C(=O)C4=CC5=CC=CC=C5O4)C6=CC=C(C=C6)C(C)(C)C,522.6260000000003,7.431320000000006,1,6,83.64,4,38,0
CC(C)C(C)C=CC(C)C1CCC2C1(CC=C3C2=CC=C4C3(CCC(C4)OC(=O)C5=CC(=CC(=C5)[N+](=O)[O-])[N+](=O)[O-])C)C,588.7450000000002,8.932000000000004,0,6,112.58000000000001,8,43,0
CC1=C(C(=CC=C1)C2C3=CCN4C(=O)N(C(=O)N4C3CC5(C2(C(=O)C(=C(C5=O)C)C)C)C)CCC6=NC7=CC(=C(C=C7N(C6=O)C)OC)OC)O,695.7730000000003,3.501720000000002,1,13,156.64999999999998,6,51,0
C1C(N=C2C=C(NN2C1C(F)(F)F)C(=O)NC3=CC(=CC(=C3)OC4=CC=CC=C4)[N+](=O)[O-])C5=CC=CS5,529.5000000000001,5.565600000000003,2,8,109.10000000000002,6,37,0
CC1(CC2=C(C(N3C(=N2)N=C(N3)SCC4=CC=CC=C4Cl)C5=CC=C(O5)Br)C(=O)C1)C,519.8520000000002,5.8590000000000035,1,7,70.2,3,31,0
CC1=CCCC2(C(CCC2(CN(CCCOC)C(=O)NC3=CC=CC=C3)O)C4=C(C=C(CC(CC1)O)C=C4)C(=O)C5=CC=CC=C5)C,638.8490000000002,7.526700000000011,3,5,99.1,9,47,0
CCCCCCCCCCCCC#CC#CCCCCCCCCCOC1=C2C=CC=C3C2=C(C=C1)C(=O)N4C3=NC5=CC=CC=C54,628.9010000000002,11.409299999999986,0,4,43.6,20,47,0
CCCN(C1CC(=NOCC2=CC=C(C=C2)[N+](=O)[O-])C3=CC(C(C4C3C1(OC5=C4C=C(C=C5)OC6=CC(=C(C=C6)OC)C=O)OCC=C)CCCCO)CCCCO)C(=O)OCC(C)(C)C,912.0899999999996,9.936699999999997,2,13,188.72,23,66,0
CC(C)N(CC(=O)N1C(C2=CC=CN2C3=CC=CC=C31)C4=CC=C(C=C4)F)C(=O)NC5=CC=C(C=C5)Br,561.4550000000002,6.757400000000006,1,3,57.580000000000005,5,37,0
C[Si](C)(C)[N-][Si](C)(C)C.C[Si](C)(C)[N-][Si](C)(C)C.C[Si](C)(C)[N-][Si](C)(C)C.[Y+3],570.0730000000003,9.087200000000003,0,0,42.300000000000004,6,28,0
CC1=CC2=C(C=C1C)N3C(=O)C(=CC4=CN(C5=CC=CC=C54)CC6=CC(=CC=C6)C(F)(F)F)SC3=N2,503.54900000000015,6.095540000000003,0,5,39.3,3,36,0
CC1C(C(C(C(O1)OCC2C(C(C(C(O2)OC3C(OC4=CC(=CC(=C4C3=O)O)O)C5=CC(=C(C=C5)O)OC)O)O)O)O)O)O,626.5640000000006,-1.834699999999999,9,16,254.51999999999995,7,44,0
CC1=C(C2=C(N1)C(=NC(=N2)C)NCCNC3CCN(CC3)C4=NC=CC=N4)C5=C(C=C(C=C5Cl)OC)Cl,541.4870000000003,5.017640000000004,3,8,103.88,8,37,0
CC1=C(C(=C2C=C(C=CC2=N1)Cl)C3=CC=CC=C3)C4=CC(N(N4)C(=O)CCC(=O)[O-])C5=C(C=C(C=C5)Cl)Cl,565.8640000000003,6.129520000000005,1,5,85.36,6,38,0
CCOC1C(C(C=C(O1)C(=O)N2CCN(CC2)CC3=CC4=C(C=C3)OCO4)C5=C(N(N(C5=O)C6=CC=CC=C6)C)C)CCOCCOCCO,692.81,2.9496200000000017,1,12,126.09000000000002,15,50,0
CCCCCCCCCCCCOC(=O)N(CC1=CC=CC2=CC=CC=C21)C3CC(=NOCC)C4=CC(C(C5C4C3(OC6=C5C=C(C=C6)OCCN7CC7)OCC=C)CCCCO)CCCCO,936.2879999999993,11.747399999999987,2,10,122.29000000000002,31,68,0
CCOC1=CC=C(C=C1)C2C3=C(CC(CC3=O)C4=CC(=C(C(=C4)OC)OC)OC)NC5=CC=CC=C5N2,500.5950000000002,6.090600000000005,2,7,78.05000000000001,7,37,0
CC1(C2CC3C(C(=O)C(=C(NCNCC(=O)O)O)C(=O)C3(C(=O)C2=C(C4=C1C=CC=C4O)O)O)N(C)C)O,531.5180000000004,-1.1083999999999958,8,12,216.95999999999998,6,38,0
CC1(C2=CC(=CN(C2=NC1=CC=CC3=NC4=C(C3(C)C)C=C(C=[N+]4C)C#CC5=CC=C(C=C5)S(=O)(=O)[O-])CCCCCN6CCN(CC6)CCCCCC(=O)O)C#CC7=CC=C(C=C7)S(=O)(=O)[O-])C.[K+],1011.3209999999991,3.5757000000000057,1,12,190.01999999999995,16,70,0
CC(C)CC(C(=O)NC(C(C)C)C(=O)N1CCCC1C(=O)NC(CC(=O)O)C(=O)NC(CO)C(=O)NC(CC(C)C)C(=O)NC(CC2=CC=C(C=C2)O)C(=O)NC(C(C)C)C(=O)O)NC(=O)C(CCCCN)N,1033.2349999999997,-1.2686000000000055,13,14,391.1099999999999,31,73,0
C1=CC=C2C(=C1)C(=C3C(=O)N(C(=S)S3)CC4=CC=C(C=C4)F)C(=O)N2CC(=O)NC5=CC(=CC=C5)Cl,538.0250000000002,5.236000000000004,1,5,69.72,5,36,0
CCOC1=C(C=CC(=C1)C2C(=C(C(=O)N2C3=NN=C(S3)SCC4=CC=CC5=CC=CC=C54)O)C(=O)C=CC6=CC=CC=C6)OCC=C,661.8050000000001,8.129600000000007,1,9,101.85000000000001,13,47,0
CC[Si](CC)(CC)OC1C(CCCC(C(CC(OC(=O)C=CC(C(=O)C1C)(C)C)C(=CC2=CSC(=N2)C)C)O)CO)C,621.9570000000001,7.124120000000011,2,8,105.95000000000002,8,42,0
CCN1C(=CN=C1C2=NC3=CC(=C(C=C3N=C2NCCCCN4CCCC4)Cl)Cl)C5=CC=CC=C5.Cl.Cl,582.4070000000004,7.618500000000006,1,6,58.870000000000005,9,37,0
CC(C)CC1(C2=CC=CC=C2NC1=O)CCCCN3CCC(CC3)(COCC4=CC(=CC(=C4)C(F)(F)F)C(F)(F)F)C5=CC=CC=C5.Cl,697.2040000000004,9.802899999999994,1,3,41.57000000000001,12,48,0
COCCCN(CC(=O)N(CCC1=CC(=C(C=C1)OC)OC)CC2=CC=CS2)C(=O)C3=CC(=CC=C3)Cl,545.1010000000003,5.168900000000005,0,6,68.31,14,37,0
CC(C)C1=CC(=O)C2=C(O1)C=C(C(=C2O)C3C(C(C(C(O3)CO)O)O)OC(=O)C4=CC(=C(C(=C4)O)O)O)O,534.4700000000004,0.823999999999999,8,13,227.57999999999996,5,38,0
CC1=CC(=C(C=C1)NC(=O)C2C(N3C(=NC(=N3)SCC4=CC=CC=C4Cl)NC2=C)C5=CC=C(O5)Br)C,584.9270000000002,6.979640000000003,2,7,84.98,6,36,0
C1OC2=C(O1)C=C(C=C2)NC(=O)CCCCCN3C(=O)C(=C4C(=O)N(C(=S)S4)CCCCCC(=O)NC5=CC6=C(C=C5)OCO6)SC3=S,728.8960000000002,5.774200000000005,2,12,135.74,14,48,0
CCCCCCCCCCCCCCCCCCC(=O)OCC(COC(=O)CCCCCCCC=CCC=CCCCCC)OC(=O)CCCCCCCCCCCCCCCCCC,915.5229999999989,19.101299999999984,0,6,78.9,53,65,0
CC1(C(=O)N2C3=C(NCC2(C(C14C5=C(C=C(C=C5)Br)NC4=O)C(=O)OC6C(C(C(C(C6O)O)O)O)O)O)NC(=O)NC3=O)O,684.4090000000004,-4.7263999999999955,11,14,295.07,2,44,0
CCOC(=O)C1=CC=CC=C1NC(=O)CSC2=NN=C(N2C3=CC=CC=C3C)C4=CNC5=CC=CC=C54,511.6070000000002,5.6315200000000045,2,7,101.89999999999998,8,37,0
C=CCN(CC=C)S(=O)(=O)C1=CC2=C(C=C1)N=C(S2)NC(=O)C3=CC=C(C4=CC=CC=C43)N5C(=O)C6=CC=CC=C6C5=O,608.7010000000002,5.865100000000006,1,7,116.75,9,43,0
C1CN(CCN1CCOC(=O)C2=CC=CC=C2NC3=C4C=CC(=CC4=NC=C3)SC(F)(F)F)C5=CC(=CC=C5)SC(F)(F)F.Cl.Cl,725.6080000000003,9.024799999999997,1,8,57.7,9,46,0
C1=CC=C2C(=C1)N(C(=O)C(=CC3=CC=C(C=C3)C(=O)NCC4=CC=C(C=C4)Cl)O2)CC5=CC=C(C=C5)Cl,529.4230000000002,6.890100000000005,1,3,58.64,6,37,0
CCN1C(=O)C(=C2N(C(=C(S2)C)C)C3=NC=CS3)SC1=NS(=O)(=O)C4=CC=C(S4)Cl,519.1200000000001,5.1719000000000035,0,9,82.94,4,30,0
CCC1=CC=C(C=C1)NC(=O)C(=C2N(C(=O)C(S2)CC3=C(C=CC(=C3)Cl)Cl)C4=CC=CC=C4)C#N,522.4570000000001,6.620780000000004,1,4,73.2,6,35,0
COC1=C(C=C(C=C1)C=NNC(=O)COC2=C(C=C(C=C2Br)Br)Br)Br,599.8989999999999,5.274300000000003,1,4,59.92,6,25,0
CCOC1=C(C=CC(=C1)C2C3=C(C(=O)N2C4=CC=CC=N4)OC5=C(C3=O)C=C(C=C5)C)OCC6=CC=CC=C6,518.5690000000003,6.223920000000006,0,6,81.87,7,39,0
C1=CC=C2C(=C1)C(=O)C3=C(C2=O)C(=C(C=C3NC4=CC(=C(C=C4)NC5=C(C(=NC(=N5)Cl)Cl)Cl)S(=O)(=O)[O])S(=O)(=O)[O])N,668.8800000000001,4.520000000000002,3,11,218.08,6,42,0
C=CCCOC(=O)N(CC1=CC=CC2=CC=CC=C21)C3CC(=NOCC4=CC=CC=C4)C5=CC(C(C6C5C3(OC7=C6C=C(C=C7)OC8=CC=C(C=C8)C9=CC=CC=C9)OCC=C)CCCCO)CCCCO,967.2159999999997,13.347799999999975,2,9,119.28000000000002,23,72,0
CCCCSC(=C(NC(=O)C1=CC=CC=C1)[P+](C2=CC=CC=C2)(C3=CC=CC=C3)C4=CC=CC=C4)S,528.7030000000002,7.0002000000000075,2,3,29.1,10,36,0
COC1=CC(=CC(=C1O)OC)C2C3=CCC4C(C3CC5C2(C(=O)N(C5=O)NC6=CC=C(C=C6)F)C7=CC=C(C=C7)Cl)C(=O)N(C4=O)C8=CC=C(C=C8)[N+](=O)[O-],767.166,6.299600000000005,2,10,168.61999999999998,8,55,0
CC1=C(SC=C1)CN(CC2=CC=CC=C2)C(=O)CN(CC3CCCO3)C(=O)C=CC4=CC=C(C=C4)[N+](=O)[O-],533.6500000000004,5.214520000000005,0,6,92.99000000000001,11,38,0
CC1=CC=C(C=C1)OS(=O)(=O)C2=CC=CC(=C2)NS(=O)(=O)C3=CC4=C(C=CC(=C4)NC(=O)NC5=CC6=C(C=C5)C=CC(=C6)S(=O)(=O)O)C=C3,717.8030000000002,6.760620000000006,4,8,185.03999999999996,9,49,0
CC(C(=O)NN=CC1=CC(=CC=C1)OC(=O)C2=C(C=C(C=C2)Cl)Cl)OC3=CC=CC=C3[N+](=O)[O-],502.3100000000001,5.038400000000004,1,7,120.13,8,34,0
CCCCNCCCNCCCNC(=O)C1=CSC(=N1)C2=CSC(=N2)CCNC(=O)C(C(C)O)NC(=O)C(C)C(C(C)NC(=O)C(C(C3=CN=CN3)OC4C(C(C(C(O4)CO)O)O)OC5C(C(C(C(O5)CO)O)OC(=O)N)O)NC(=O)C6=C(C(=NC(=N6)C(CC(=O)N)NCC(C(=O)N)N)N)C)O.OS(=O)(=O)O,1580.7450000000017,-7.864880000000012,24,35,725.7300000000001,42,107,0
CCOC(=O)C1=C(SC2=C1CCCC2)NC(=O)C3=CC=CC=C3N(CC4=CC=CC=C4)S(=O)(=O)C5=CC=C(C=C5)C,588.7510000000002,6.759820000000007,1,6,92.78,9,41,0
COC1=CC=CC=C1C2=CC(=NC(=C2C#N)SCC(=O)NC3=NC4=CC=CC=C4S3)C5=CC=CS5,514.6570000000002,6.697880000000003,1,8,87.89999999999999,7,35,0
C1=CC=C(C=C1)C(=O)NC2=C3C(=C(C=C2)S(=O)(=O)O)C=C(C(=NNC4=CC=C(C=C4)S(=O)(=O)CCOS(=O)(=O)O)C3=O)S(=O)(=O)O,715.7180000000004,1.6717999999999997,5,13,277.03999999999996,11,46,0
CC1=C(C=C(C=C1)OC2=CC3=C(C=C2)OC4(C(CC(=NOC5CCCCO5)C6=CC(C(C3C64)CCCCO)CCCCO)N(CC7=CC8=C(C=C7)OCO8)C(=O)OC)OCC=C)C,867.0489999999999,9.253240000000003,2,12,146.97,18,63,0
CCCCCCCCCCCCOC(=O)N(CC1=CC=C(C=C1)F)C2CC(=NOC)C3=CC(C(C4C3C2(OC5=C4C=C(C=C5)OC(=O)NCC)OCC=C)CCCCO)CCCCO,892.1629999999994,10.757099999999992,3,10,148.38,28,64,0
CC1=C(C=CC(=C1)Cl)NC(=O)C2=CC(=CC=C2)NC3=C(C(=O)N(C3=O)C4=CC=CC=C4Cl)Cl,500.7690000000001,5.989820000000003,2,4,78.51,5,33,0
CC1=C(C=C(N1C2=CC=CC=C2F)C3=CC(=CC=C3)OC)C(=O)N4CCN(CC4)C(=O)C5=CC(=CC(=C5)C(F)(F)F)C(F)(F)F,633.5640000000006,7.2362200000000065,0,4,54.78,5,45,0
C1CC2=C(C3=CC=CC=C31)N=C4N(C2C5=CC=CS5)C(=O)C(=CC6=CN(C7=CC=CC=C76)CC8=C(C=C(C=C8)Cl)Cl)S4,624.6180000000003,7.690000000000006,0,6,39.29,4,42,0
COC1=C(C=CC(=C1)O)C2C3=CCC4C(C3CC5(C2(C(=O)N(C5=O)C6=C(C(=C(C(=C6F)F)F)F)F)Cl)Cl)C(=O)N(C4=O)C7=CC=C(C=C7)N8CCOCC8,792.5409999999997,5.700900000000005,1,8,116.69,5,54,0
CCN1C(=NN=C1SCC(=O)NC2=CC(=C(C=C2)Br)C)C(C(C)C)NC(=O)C3=CC=C(C=C3)C,544.5190000000001,5.535240000000005,2,6,88.91,9,34,0
